Rank,Ensemble ID,Name,Position (hg19),MinEnergy,Binding site(query),Binding site(target),location,SumEnergy,lncRNA,Name_lncRNA
1,ENST00000604411,TSIX,chrX:73012041-73049066,-222.0,1051-1203,16133-16285,ncRNA,-21358.0,ENST00000454935.1,OLMALINC
2,ENST00000577089,RP11-515E23.1,chr17:53545428-53588299,-93.7,547-615,329-397,ncRNA,-1019.6,ENST00000454935.1,OLMALINC
3,ENST00000560545,OIP5-AS1,chr15:41576209-41577887,-72.7,418-494,192-268,ncRNA,-425.2,ENST00000454935.1,OLMALINC
4,ENST00000558170,ZEB2,chr2:145141649-145278621,-71.9,996-1043,575-622,UTR5,-4307.3,ENST00000454935.1,OLMALINC
5,ENST00000265068,KIAA1257,chr3:128685433-128712958,-68.6,400-451,3307-3358,UTR3,-2735.6,ENST00000454935.1,OLMALINC
6,ENST00000263754,KAT2B,chr3:20081516-20195896,-67.5,988-1038,301-351,UTR5,-2064.3,ENST00000454935.1,OLMALINC
7,ENST00000508313,RP11-205M3.3,chr4:170838913-170897053,-66.1,434-489,1937-1992,ncRNA,-1856.3,ENST00000454935.1,OLMALINC
8,ENST00000590714,FIZ1,chr19:56104727-56113336,-63.7,992-1066,2343-2417,UTR5,-3501.7,ENST00000454935.1,OLMALINC
9,ENST00000354854,DHRS4-AS1,chr14:24407941-24409196,-62.3,437-494,840-897,CDS,-898.4,ENST00000454935.1,OLMALINC
10,ENST00000307145,KLF13,chr15:31619059-31670102,-61.3,1000-1055,5882-5937,UTR3,-2224.3,ENST00000454935.1,OLMALINC
11,ENST00000577684,RP1-37N7.3,chr17:18314474-18317694,-61.0,992-1048,1196-1252,ncRNA,-1004.1,ENST00000454935.1,OLMALINC
12,ENST00000610000,RP4-569D19.8,chr22:35922980-35923462,-60.6,997-1058,269-330,ncRNA,-726.8,ENST00000454935.1,OLMALINC
13,ENST00000367236,ADORA1,chr1:203096194-203136533,-59.6,1068-1117,563-612,UTR5,-1118.5,ENST00000454935.1,OLMALINC
14,ENST00000369026,MCL1,chr1:150547033-150552066,-59.5,1523-1573,3558-3608,UTR3,-1706.6,ENST00000454935.1,OLMALINC
15,ENST00000596286,CTC-518B2.12,chr19:51517631-51517990,-59.0,1515-1590,124-199,ncRNA,-894.2,ENST00000454935.1,OLMALINC
16,ENST00000264498,FGF2,chr4:123747864-123819391,-58.9,988-1038,46-96,CDS,-2524.3,ENST00000454935.1,OLMALINC
17,ENST00000564837,RP11-611L7.1,chr7:6694496-6696063,-58.9,988-1037,1220-1269,ncRNA,-894.6,ENST00000454935.1,OLMALINC
18,ENST00000589456,CTD-2537I9.12,chr19:56173268-56186081,-58.6,1518-1573,71-126,ncRNA,-977.4,ENST00000454935.1,OLMALINC
19,ENST00000439070,AC002066.1,chr7:116056172-116105330,-58.5,1069-1123,1-55,ncRNA,-799.9,ENST00000454935.1,OLMALINC
20,ENST00000292431,NACC1,chr19:13229152-13251955,-58.2,996-1043,3922-3969,UTR3,-1072.8,ENST00000454935.1,OLMALINC
21,ENST00000376918,EMC10,chr19:50979757-50986608,-58.0,987-1034,869-916,UTR3,-496.0,ENST00000454935.1,OLMALINC
22,ENST00000315596,PDS5B,chr13:33160565-33352157,-57.9,989-1040,69-120,UTR5,-3068.2,ENST00000454935.1,OLMALINC
23,ENST00000331272,FBXW4,chr10:103370424-103455016,-57.6,1052-1113,487-548,UTR5,-2333.1,ENST00000454935.1,OLMALINC
24,ENST00000358078,ASIC4,chr2:220379053-220403494,-57.3,986-1057,2345-2416,UTR3,-1353.2,ENST00000454935.1,OLMALINC
25,ENST00000297261,SHH,chr7:155592681-155604967,-57.2,1002-1055,1534-1587,"CDS,stop_codon",-1354.5,ENST00000454935.1,OLMALINC
26,ENST00000577390,CDH8,chr16:61681147-62070739,-57.1,994-1043,249-298,UTR5,-3458.3,ENST00000454935.1,OLMALINC
27,ENST00000194214,HSPB11,chr1:54387235-54411602,-57.0,986-1034,54-102,UTR5,-617.0,ENST00000454935.1,OLMALINC
28,ENST00000375712,KIF3B,chr20:30865468-30922814,-56.7,993-1061,1279-1347,CDS,-2357.3,ENST00000454935.1,OLMALINC
29,ENST00000597002,FLJ00418,chr16:70695571-70699739,-56.5,995-1054,1530-1589,CDS,-1666.2,ENST00000454935.1,OLMALINC
30,ENST00000599531,PNMAL2,chr19:46994449-46999755,-56.4,1054-1115,3513-3574,UTR3,-2297.8,ENST00000454935.1,OLMALINC
31,ENST00000301785,HNRNPUL2,chr11:62480103-62494821,-56.4,988-1041,3552-3605,UTR3,-3369.2,ENST00000454935.1,OLMALINC
32,ENST00000429282,AC133785.1,chr2:131588552-131594567,-56.3,1072-1122,1617-1667,ncRNA,-1121.0,ENST00000454935.1,OLMALINC
33,ENST00000380368,BPHL,chr6:3118611-3153428,-56.0,986-1044,225-283,UTR5,-797.9,ENST00000454935.1,OLMALINC
34,ENST00000309315,ZMIZ2,chr7:44788531-44809477,-55.9,1066-1119,4604-4657,UTR3,-1374.7,ENST00000454935.1,OLMALINC
35,ENST00000501818,CTB-127C13.1,chr5:159623599-159631833,-55.8,1050-1125,586-661,ncRNA,-1688.4,ENST00000454935.1,OLMALINC
36,ENST00000399246,AC003102.1,chr17:42325759-42327236,-55.3,1508-1566,371-429,UTR5,-834.6,ENST00000454935.1,OLMALINC
37,ENST00000382426,RP11-1275H24.1,chr7:5465917-5468558,-55.3,1538-1588,1806-1856,ncRNA,-828.2,ENST00000454935.1,OLMALINC
38,ENST00000610122,RP11-1275H24.1,chr7:5465909-5468558,-55.3,1538-1588,1806-1856,ncRNA,-831.2,ENST00000454935.1,OLMALINC
39,ENST00000312358,SPEG,chr2:220299569-220358354,-55.1,1072-1124,10164-10216,UTR3,-3500.0,ENST00000454935.1,OLMALINC
40,ENST00000371369,TMEM255A,chrX:119392506-119445391,-55.1,1069-1120,15-66,UTR5,-1647.1,ENST00000454935.1,OLMALINC
41,ENST00000449034,RP5-1071N3.1,chr1:21619784-21626267,-55.0,990-1043,1930-1983,ncRNA,-1025.2,ENST00000454935.1,OLMALINC
42,ENST00000566930,RP11-215E13.1,chr17:32496392-32510651,-55.0,425-487,11-73,ncRNA,-395.8,ENST00000454935.1,OLMALINC
43,ENST00000452501,RP5-1172N10.2,chrX:41134993-41136031,-54.9,1073-1123,556-606,ncRNA,-685.7,ENST00000454935.1,OLMALINC
44,ENST00000084798,CA11,chr19:49141200-49149569,-54.8,1069-1123,67-121,UTR5,-2539.6,ENST00000454935.1,OLMALINC
45,ENST00000317683,FBXO46,chr19:46213888-46234162,-54.6,1539-1593,1912-1966,"CDS,stop_codon",-647.5,ENST00000454935.1,OLMALINC
46,ENST00000221166,NEFM,chr8:24770526-24776606,-54.6,636-688,72-124,UTR5,-3686.6,ENST00000454935.1,OLMALINC
47,ENST00000263238,ACTR3,chr2:114647538-114720173,-54.6,1563-1622,12-71,UTR5,-3306.6,ENST00000454935.1,OLMALINC
48,ENST00000510882,HDGFL1,chr6:22569796-22571892,-54.5,994-1044,508-558,CDS,-897.0,ENST00000454935.1,OLMALINC
49,ENST00000484864,AQP10,chr1:154293597-154297801,-54.4,1539-1593,2040-2094,UTR3,-948.2,ENST00000454935.1,OLMALINC
50,ENST00000580996,RP11-138I1.2,chr17:16317839-16320003,-54.1,993-1043,316-366,ncRNA,-1113.3,ENST00000454935.1,OLMALINC
51,ENST00000266066,SFRP5,chr10:99526509-99531709,-53.9,1072-1123,1310-1361,UTR3,-812.1,ENST00000454935.1,OLMALINC
52,ENST00000431473,RIMKLA,chr1:42846478-42888249,-53.4,989-1041,7689-7741,UTR3,-3744.2,ENST00000454935.1,OLMALINC
53,ENST00000222990,SNX8,chr7:2291406-2354099,-53.1,988-1040,3407-3459,UTR3,-1435.3,ENST00000454935.1,OLMALINC
54,ENST00000439458,UNC80,chr2:210636718-210864024,-53.1,1071-1122,2284-2335,CDS,-5184.5,ENST00000454935.1,OLMALINC
55,ENST00000546793,RP11-983P16.4,chr12:53436974-53448222,-53.0,989-1062,627-700,ncRNA,-2936.9,ENST00000454935.1,OLMALINC
56,ENST00000412716,DAZAP2,chr12:51632077-51637717,-53.0,1518-1576,370-428,UTR5,-1344.5,ENST00000454935.1,OLMALINC
57,ENST00000587767,AC002398.12,chr19:36245468-36246391,-53.0,987-1058,31-102,ncRNA,-1504.6,ENST00000454935.1,OLMALINC
58,ENST00000501122,NEAT1,chr11:65190270-65213011,-52.9,1534-1599,21318-21383,ncRNA,-9972.4,ENST00000454935.1,OLMALINC
59,ENST00000275815,EPHA1,chr7:143088206-143105985,-52.9,1527-1578,3194-3245,UTR3,-986.1,ENST00000454935.1,OLMALINC
60,ENST00000250113,FXR2,chr17:7494549-7518185,-52.8,996-1045,2785-2834,UTR3,-1669.4,ENST00000454935.1,OLMALINC
61,ENST00000307484,APLN,chrX:128779241-128788933,-52.8,1071-1123,1900-1952,UTR3,-1532.6,ENST00000454935.1,OLMALINC
62,ENST00000299155,AMN,chr14:103388994-103397529,-52.7,988-1043,1756-1811,UTR3,-781.8,ENST00000454935.1,OLMALINC
63,ENST00000521487,RAD21-AS1,chr8:117886664-117889107,-52.7,1536-1588,206-258,ncRNA,-1026.5,ENST00000454935.1,OLMALINC
64,ENST00000405142,NUDT16L1,chr16:4743720-4745856,-52.7,999-1061,686-748,CDS,-1605.2,ENST00000454935.1,OLMALINC
65,ENST00000597278,AL009178.1,chr6:168196211-168198927,-52.7,1071-1122,1525-1576,UTR3,-794.8,ENST00000454935.1,OLMALINC
66,ENST00000529308,USP35,chr11:77899954-77925757,-52.6,639-700,2269-2330,CDS,-1596.3,ENST00000454935.1,OLMALINC
67,ENST00000316881,TRIM25,chr17:54965271-54991399,-52.5,1441-1505,2050-2114,UTR3,-2129.7,ENST00000454935.1,OLMALINC
68,ENST00000579599,MAPT-AS1,chr17:43921241-43972879,-52.5,993-1043,851-901,ncRNA,-629.1,ENST00000454935.1,OLMALINC
69,ENST00000409535,RAD54L2,chr3:51575597-51702683,-52.5,1068-1117,182-231,CDS,-4484.4,ENST00000454935.1,OLMALINC
70,ENST00000265354,SRF,chr6:43139038-43149243,-52.5,1532-1587,3068-3123,UTR3,-1280.4,ENST00000454935.1,OLMALINC
71,ENST00000356956,IGF2R,chr6:160390132-160527583,-52.4,989-1047,8715-8773,UTR3,-3123.8,ENST00000454935.1,OLMALINC
72,ENST00000256649,TRIM45,chr1:117653683-117664350,-52.4,989-1038,153-202,UTR5,-1280.0,ENST00000454935.1,OLMALINC
73,ENST00000382545,KCNA1,chr12:5019072-5027413,-52.3,988-1055,607-674,UTR5,-2691.6,ENST00000454935.1,OLMALINC
74,ENST00000377474,KCTD12,chr13:77454313-77460525,-52.3,648-695,2217-2264,UTR3,-1918.3,ENST00000454935.1,OLMALINC
75,ENST00000606729,RP11-63L7.5,chr6:89789884-89790386,-52.3,639-692,275-328,ncRNA,-292.5,ENST00000454935.1,OLMALINC
76,ENST00000377208,POU4F1,chr13:79172498-79177673,-52.2,992-1041,1684-1733,UTR3,-2052.5,ENST00000454935.1,OLMALINC
77,ENST00000313173,HOXD8,chr2:176994469-176997423,-52.2,987-1037,57-107,UTR5,-975.2,ENST00000454935.1,OLMALINC
78,ENST00000607746,RP11-861A13.4,chr3:107844669-107857457,-52.2,987-1034,1366-1413,ncRNA,-1183.4,ENST00000454935.1,OLMALINC
79,ENST00000311268,GPR162,chr12:6930712-6936583,-52.2,1069-1127,182-240,UTR5,-852.3,ENST00000454935.1,OLMALINC
80,ENST00000237596,PKD2,chr4:88928821-88998929,-52.1,1061-1122,359-420,CDS,-2630.7,ENST00000454935.1,OLMALINC
81,ENST00000503167,RP11-168A11.1,chr5:79232403-79263449,-52.1,1509-1593,157-241,ncRNA,-920.8,ENST00000454935.1,OLMALINC
82,ENST00000311852,MMP14,chr14:23305767-23316970,-52.1,996-1055,3420-3479,UTR3,-1716.9,ENST00000454935.1,OLMALINC
83,ENST00000243056,HOXC13,chr12:54332536-54340328,-52.0,1068-1123,2-57,UTR5,-900.7,ENST00000454935.1,OLMALINC
84,ENST00000222329,ERF,chr19:42751725-42759309,-52.0,989-1041,1670-1722,CDS,-620.9,ENST00000454935.1,OLMALINC
85,ENST00000382349,ONECUT3,chr19:1752373-1780987,-52.0,988-1045,16-73,UTR5,-2309.4,ENST00000454935.1,OLMALINC
86,ENST00000600242,L34079.4,chr19:44078791-44079770,-52.0,999-1048,424-473,ncRNA,-315.4,ENST00000454935.1,OLMALINC
87,ENST00000311378,WFIKKN2,chr17:48912772-48919709,-51.9,1007-1060,3213-3266,UTR3,-1899.8,ENST00000454935.1,OLMALINC
88,ENST00000602967,NUTM2E,chr10:81601115-81610632,-51.7,639-694,3496-3551,UTR3,-1627.0,ENST00000454935.1,OLMALINC
89,ENST00000422280,NBR1,chr17:41322512-41363706,-51.7,1071-1122,2545-2596,CDS,-2302.2,ENST00000454935.1,OLMALINC
90,ENST00000416385,RP11-206L10.3,chr1:677194-685396,-51.7,1007-1066,3517-3576,ncRNA,-1376.9,ENST00000454935.1,OLMALINC
91,ENST00000484859,RP11-34P13.13,chr1:141475-149707,-51.7,1007-1066,3517-3576,ncRNA,-1351.6,ENST00000454935.1,OLMALINC
92,ENST00000308748,ASPHD1,chr16:29912042-29917377,-51.6,988-1047,231-290,"UTR5,start_codon",-1451.1,ENST00000454935.1,OLMALINC
93,ENST00000368655,GATAD2B,chr1:153777202-153895451,-51.6,987-1037,7104-7154,UTR3,-3170.0,ENST00000454935.1,OLMALINC
94,ENST00000327928,OTOL1,chr3:161214597-161221730,-51.5,1517-1577,736-796,CDS,-1256.0,ENST00000454935.1,OLMALINC
95,ENST00000402918,ELFN2,chr22:37764001-37823505,-51.5,1053-1111,6464-6522,UTR3,-4180.3,ENST00000454935.1,OLMALINC
96,ENST00000368013,ARHGAP30,chr1:161016739-161039735,-51.5,1507-1593,2790-2876,CDS,-4651.8,ENST00000454935.1,OLMALINC
97,ENST00000528054,LTB4R2,chr14:24778162-24781252,-51.5,1562-1634,940-1012,UTR5,-1600.5,ENST00000454935.1,OLMALINC
98,ENST00000391411,C17orf51,chr17:21431572-21454943,-51.5,1069-1122,5719-5772,UTR3,-3956.0,ENST00000454935.1,OLMALINC
99,ENST00000265593,CLCN2,chr3:184063974-184079439,-51.4,993-1043,149-199,"UTR5,start_codon",-645.4,ENST00000454935.1,OLMALINC
100,ENST00000276033,SLC16A2,chrX:73641086-73753743,-51.4,997-1063,44-110,UTR5,-1637.2,ENST00000454935.1,OLMALINC
101,ENST00000428086,LINC00442,chr13:19582405-19585989,-51.4,990-1060,1174-1244,ncRNA,-907.7,ENST00000454935.1,OLMALINC
102,ENST00000590611,AC011525.4,chr19:32079162-32084687,-51.4,1013-1064,1018-1069,ncRNA,-725.9,ENST00000454935.1,OLMALINC
103,ENST00000295851,ABI2,chr2:204192943-204312446,-51.4,1053-1110,15331-15388,UTR3,-8532.9,ENST00000454935.1,OLMALINC
104,ENST00000301459,RCOR2,chr11:63678694-63684316,-51.3,987-1048,2356-2417,UTR3,-1153.6,ENST00000454935.1,OLMALINC
105,ENST00000307365,DDIT4,chr10:74033679-74035794,-51.3,1445-1496,1287-1338,UTR3,-781.1,ENST00000454935.1,OLMALINC
106,ENST00000562925,NR2E3,chr15:72103474-72110585,-51.2,987-1040,134-187,ncRNA,-1176.8,ENST00000454935.1,OLMALINC
107,ENST00000310300,LRCH4,chr7:100172284-100183776,-51.2,986-1046,1202-1262,CDS,-713.1,ENST00000454935.1,OLMALINC
108,ENST00000581719,RP11-672L10.2,chr18:902768-906668,-51.2,1013-1065,1954-2006,ncRNA,-1952.8,ENST00000454935.1,OLMALINC
109,ENST00000330436,CYP2A13,chr19:41594378-41602100,-51.2,1446-1498,1574-1626,UTR3,-1110.6,ENST00000454935.1,OLMALINC
110,ENST00000314412,FUT7,chr9:139924627-139927462,-51.2,987-1046,2146-2205,UTR3,-1679.7,ENST00000454935.1,OLMALINC
111,ENST00000339480,GJB4,chr1:35225343-35229325,-51.1,1450-1501,1454-1505,UTR3,-905.1,ENST00000454935.1,OLMALINC
112,ENST00000273980,TBCK,chr4:106962757-107242652,-51.1,1520-1591,5482-5553,UTR3,-3673.8,ENST00000454935.1,OLMALINC
113,ENST00000504986,TMEM33,chr4:41937138-41962589,-51.1,1517-1589,2115-2187,UTR3,-2649.7,ENST00000454935.1,OLMALINC
114,ENST00000435953,CTB-187M2.1,chr17:19360394-19361712,-51.1,434-493,471-530,ncRNA,-342.8,ENST00000454935.1,OLMALINC
115,ENST00000598970,DKFZP434E1119,chr11:77184417-77188074,-51.1,1523-1576,337-390,CDS,-1308.5,ENST00000454935.1,OLMALINC
116,ENST00000587320,RP11-397A16.2,chr18:53443959-53448952,-51.0,695-744,1695-1744,ncRNA,-2026.3,ENST00000454935.1,OLMALINC
117,ENST00000371021,FRAT1,chr10:99079023-99081672,-51.0,650-699,1687-1736,UTR3,-861.2,ENST00000454935.1,OLMALINC
118,ENST00000372406,GPR107,chr9:132815706-132902443,-51.0,1068-1123,2524-2579,UTR3,-2814.4,ENST00000454935.1,OLMALINC
119,ENST00000496811,DHX36,chr3:153990336-154042286,-51.0,993-1043,170-220,CDS,-2828.6,ENST00000454935.1,OLMALINC
120,ENST00000246662,KRT9,chr17:39722097-39728310,-50.9,1033-1086,1563-1616,CDS,-1816.2,ENST00000454935.1,OLMALINC
121,ENST00000545940,ANHX,chr12:133794899-133812681,-50.9,987-1038,382-433,UTR5,-1330.6,ENST00000454935.1,OLMALINC
122,ENST00000243052,PDE1B,chr12:54943135-54973023,-50.9,1450-1510,147-207,UTR5,-2063.7,ENST00000454935.1,OLMALINC
123,ENST00000436693,TLR6,chr4:38825337-38858437,-50.8,1077-1138,3877-3938,UTR3,-2264.7,ENST00000454935.1,OLMALINC
124,ENST00000326840,DCBLD2,chr3:98514786-98620533,-50.8,1070-1119,168-217,UTR5,-2245.6,ENST00000454935.1,OLMALINC
125,ENST00000355285,APCDD1,chr18:10454626-10489945,-50.7,994-1048,73-127,UTR5,-965.9,ENST00000454935.1,OLMALINC
126,ENST00000320954,CRTAP,chr3:33155472-33189265,-50.7,987-1038,2742-2793,UTR3,-3664.9,ENST00000454935.1,OLMALINC
127,ENST00000231061,SPARC,chr5:151040658-151066726,-50.7,1069-1129,86-146,UTR5,-2063.2,ENST00000454935.1,OLMALINC
128,ENST00000357338,DLK2,chr6:43418093-43424370,-50.6,1053-1116,472-535,UTR5,-1343.5,ENST00000454935.1,OLMALINC
129,ENST00000558945,OIP5-AS1,chr15:41576189-41590979,-50.6,424-481,403-460,ncRNA,-470.0,ENST00000454935.1,OLMALINC
130,ENST00000501665,OIP5-AS1,chr15:41576231-41601901,-50.6,424-481,183-240,ncRNA,-422.6,ENST00000454935.1,OLMALINC
131,ENST00000257359,ADAMTS8,chr11:130274821-130298888,-50.5,1012-1059,1202-1249,CDS,-1039.2,ENST00000454935.1,OLMALINC
132,ENST00000423930,NYAP1,chr7:100081551-100092422,-50.5,989-1036,3445-3492,UTR3,-1604.8,ENST00000454935.1,OLMALINC
133,ENST00000340790,PALM3,chr19:14164178-14169971,-50.5,1013-1064,1397-1448,CDS,-3357.7,ENST00000454935.1,OLMALINC
134,ENST00000257940,ZC3H10,chr12:56511944-56516278,-50.5,989-1042,326-379,CDS,-933.8,ENST00000454935.1,OLMALINC
135,ENST00000416516,DCLK3,chr3:36753914-36781352,-50.5,1542-1594,5135-5187,UTR3,-3563.3,ENST00000454935.1,OLMALINC
136,ENST00000403799,GCK,chr7:44183875-44229022,-50.4,996-1043,724-771,CDS,-765.1,ENST00000454935.1,OLMALINC
137,ENST00000451292,TCOF1,chr5:149737203-149779870,-50.4,987-1037,32-82,UTR5,-2856.4,ENST00000454935.1,OLMALINC
138,ENST00000354646,WNK3,chrX:54219259-54384438,-50.4,994-1044,154-204,UTR5,-4382.6,ENST00000454935.1,OLMALINC
139,ENST00000307169,INSM2,chr14:36003249-36006260,-50.4,1000-1049,461-510,CDS,-843.7,ENST00000454935.1,OLMALINC
140,ENST00000572681,CIC,chr19:42772690-42799948,-50.3,995-1047,423-475,CDS,-1523.9,ENST00000454935.1,OLMALINC
141,ENST00000158771,DERL2,chr17:5374572-5389537,-50.3,988-1043,1-46,UTR5,-1467.9,ENST00000454935.1,OLMALINC
142,ENST00000371100,GNAS,chr20:57427770-57486247,-50.3,985-1056,248-319,UTR5,-1124.4,ENST00000454935.1,OLMALINC
143,ENST00000432386,NBPF18P,chr1:151967008-152015250,-50.3,1509-1576,3942-4009,ncRNA,-3470.8,ENST00000454935.1,OLMALINC
144,ENST00000415810,CSAG3,chrX:151876744-151883038,-50.3,987-1034,34-81,ncRNA,-436.4,ENST00000454935.1,OLMALINC
145,ENST00000370292,CSAG2,chrX:151922446-151928738,-50.3,987-1034,34-81,ncRNA,-436.4,ENST00000454935.1,OLMALINC
146,ENST00000412084,AC091814.2,chr12:10089179-10096094,-50.2,1071-1122,297-348,ncRNA,-1145.5,ENST00000454935.1,OLMALINC
147,ENST00000405303,TAPT1,chr4:16162129-16228164,-50.1,987-1038,1-45,UTR5,-2191.7,ENST00000454935.1,OLMALINC
148,ENST00000244221,PAIP2B,chr2:71409870-71454213,-50.1,1049-1114,595-660,UTR3,-3272.7,ENST00000454935.1,OLMALINC
149,ENST00000375911,C6orf47,chr6:31626076-31628549,-50.1,987-1043,1642-1698,CDS,-2051.2,ENST00000454935.1,OLMALINC
150,ENST00000311921,ZNF507,chr19:32836501-32878573,-50.1,1008-1064,57-113,UTR5,-3011.4,ENST00000454935.1,OLMALINC
151,ENST00000601203,AIRN,chr6:160424324-160428696,-50.1,987-1034,1616-1663,ncRNA,-2476.3,ENST00000454935.1,OLMALINC
152,ENST00000379526,RP11-352D3.2,chr20:4050800-4055812,-50.1,1053-1112,8-67,UTR5,-816.7,ENST00000454935.1,OLMALINC
153,ENST00000554403,RP11-66N24.4,chr14:23982559-24013485,-50.0,1006-1064,165-223,ncRNA,-2778.5,ENST00000454935.1,OLMALINC
154,ENST00000293780,CHRNE,chr17:4801070-4806369,-50.0,1069-1129,2326-2386,UTR3,-1306.7,ENST00000454935.1,OLMALINC
155,ENST00000343098,FSIP2,chr2:186603356-186698016,-50.0,989-1042,197-250,CDS,-9507.8,ENST00000454935.1,OLMALINC
156,ENST00000563775,RP11-715J22.2,chr16:2514952-2518214,-50.0,1056-1113,2168-2225,ncRNA,-1110.4,ENST00000454935.1,OLMALINC
157,ENST00000338687,TRMT2B,chrX:100264336-100307105,-49.9,989-1042,2-55,UTR5,-1617.6,ENST00000454935.1,OLMALINC
158,ENST00000250340,CLEC11A,chr19:51226587-51228974,-49.9,1068-1123,404-459,CDS,-1411.7,ENST00000454935.1,OLMALINC
159,ENST00000282849,ADAMTS18,chr16:77316026-77469011,-49.9,639-697,3629-3687,CDS,-2112.1,ENST00000454935.1,OLMALINC
160,ENST00000500968,USP51,chrX:55511050-55515635,-49.9,993-1043,174-224,CDS,-1840.7,ENST00000454935.1,OLMALINC
161,ENST00000308064,CHST1,chr11:45670428-45687172,-49.8,1069-1122,255-308,UTR5,-492.3,ENST00000454935.1,OLMALINC
162,ENST00000370332,GFI1,chr1:92940320-92949511,-49.8,996-1048,82-134,UTR5,-906.8,ENST00000454935.1,OLMALINC
163,ENST00000319914,ST3GAL1,chr8:134467092-134584183,-49.8,993-1066,107-180,UTR5,-3129.5,ENST00000454935.1,OLMALINC
164,ENST00000251076,DMXL2,chr15:51739909-51915030,-49.8,987-1040,116-169,UTR5,-4445.0,ENST00000454935.1,OLMALINC
165,ENST00000544865,SMG6,chr17:1963134-2206813,-49.8,1519-1580,1039-1100,CDS,-2877.6,ENST00000454935.1,OLMALINC
166,ENST00000269576,KRT10,chr17:38974370-38978847,-49.7,1070-1121,49-100,CDS,-673.2,ENST00000454935.1,OLMALINC
167,ENST00000374656,RING1,chr6:33176273-33180499,-49.7,999-1056,822-879,CDS,-1063.9,ENST00000454935.1,OLMALINC
168,ENST00000388802,SRRM3,chr7:75831217-75916603,-49.6,1055-1154,2977-3076,UTR3,-1325.0,ENST00000454935.1,OLMALINC
169,ENST00000286175,PPIL3,chr2:201735631-201753992,-49.6,1069-1122,124-177,UTR5,-762.9,ENST00000454935.1,OLMALINC
170,ENST00000378292,TPM2,chr9:35681990-35691017,-49.6,989-1040,177-228,UTR5,-1999.3,ENST00000454935.1,OLMALINC
171,ENST00000594850,AC022154.7,chr19:49123762-49127389,-49.5,1070-1123,169-222,ncRNA,-750.1,ENST00000454935.1,OLMALINC
172,ENST00000242208,INHBA,chr7:41724713-41742706,-49.5,1007-1064,1034-1091,CDS,-3111.2,ENST00000454935.1,OLMALINC
173,ENST00000455995,FAM95B1,chr9:42466318-42474236,-49.5,985-1043,1309-1367,ncRNA,-1563.3,ENST00000454935.1,OLMALINC
174,ENST00000604729,ZSWIM8,chr10:75545341-75561550,-49.5,995-1042,2510-2557,CDS,-1659.0,ENST00000454935.1,OLMALINC
175,ENST00000588387,CTB-55O6.12,chr19:14247992-14282076,-49.5,990-1047,1985-2042,ncRNA,-2746.7,ENST00000454935.1,OLMALINC
176,ENST00000597192,RP11-256I23.2,chr2:220423806-220424348,-49.5,992-1043,21-72,ncRNA,-249.1,ENST00000454935.1,OLMALINC
177,ENST00000457842,ZBTB47,chr3:42695177-42709072,-49.5,1070-1121,1297-1348,UTR5,-1746.8,ENST00000454935.1,OLMALINC
178,ENST00000444313,PARVG,chr22:44576771-44604349,-49.4,1006-1057,2457-2508,UTR3,-2927.7,ENST00000454935.1,OLMALINC
179,ENST00000329021,NFAM1,chr22:42776417-42828401,-49.4,1520-1575,4266-4321,UTR3,-3297.2,ENST00000454935.1,OLMALINC
180,ENST00000547327,EGLN3,chr14:34417440-34420287,-49.4,1452-1503,1839-1890,UTR3,-1451.1,ENST00000454935.1,OLMALINC
181,ENST00000417218,AL592494.5,chr1:121138615-121204983,-49.4,1069-1121,337-389,ncRNA,-1564.3,ENST00000454935.1,OLMALINC
182,ENST00000269051,RHBDL3,chr17:30593196-30651680,-49.3,639-693,2484-2538,UTR3,-1734.6,ENST00000454935.1,OLMALINC
183,ENST00000328568,AGAP2,chr12:58118981-58131619,-49.3,987-1055,3881-3949,UTR3,-1519.4,ENST00000454935.1,OLMALINC
184,ENST00000420866,AC018470.4,chr2:175190756-175195371,-49.2,989-1040,1459-1510,ncRNA,-1162.8,ENST00000454935.1,OLMALINC
185,ENST00000216802,PSME2,chr14:24612575-24616430,-49.2,1069-1120,516-567,UTR5,-601.1,ENST00000454935.1,OLMALINC
186,ENST00000368608,TSPYL1,chr6:116597742-116601066,-49.2,652-701,678-727,CDS,-1464.5,ENST00000454935.1,OLMALINC
187,ENST00000373382,VPS26A,chr10:70883269-70932617,-49.1,1002-1051,474-523,UTR5,-1632.3,ENST00000454935.1,OLMALINC
188,ENST00000270458,CACNG8,chr19:54466295-54493469,-49.1,1458-1515,4501-4558,UTR3,-6580.5,ENST00000454935.1,OLMALINC
189,ENST00000391767,CACNG7,chr19:54412590-54447195,-49.1,1049-1113,2230-2294,UTR3,-607.9,ENST00000454935.1,OLMALINC
190,ENST00000367330,TMEM9,chr1:201103902-201123568,-49.0,993-1044,158-209,UTR5,-842.1,ENST00000454935.1,OLMALINC
191,ENST00000355209,POLR3H,chr22:41921831-41940449,-49.0,990-1043,1750-1803,UTR3,-1441.0,ENST00000454935.1,OLMALINC
192,ENST00000515213,AC226118.1,chr7:419326-422678,-49.0,1055-1111,1985-2041,ncRNA,-1248.2,ENST00000454935.1,OLMALINC
193,ENST00000576752,RP5-1050D4.3,chr17:4871291-4872117,-49.0,1513-1565,224-276,ncRNA,-465.9,ENST00000454935.1,OLMALINC
194,ENST00000559368,OIP5-AS1,chr15:41576207-41580469,-49.0,424-483,205-264,ncRNA,-167.2,ENST00000454935.1,OLMALINC
195,ENST00000561275,OIP5-AS1,chr15:41576205-41589488,-49.0,424-483,207-266,ncRNA,-233.5,ENST00000454935.1,OLMALINC
196,ENST00000544657,RP11-273B20.1,chr12:7281676-7282848,-48.9,992-1051,58-117,ncRNA,-481.6,ENST00000454935.1,OLMALINC
197,ENST00000263707,TFCP2L1,chr2:121974164-122042783,-48.9,1517-1573,5842-5898,UTR3,-3137.2,ENST00000454935.1,OLMALINC
198,ENST00000368918,GABPB2,chr1:151043081-151098018,-48.9,1070-1124,6248-6302,UTR3,-3369.0,ENST00000454935.1,OLMALINC
199,ENST00000420902,RP1-29C18.8,chr22:50006306-50009364,-48.9,1532-1590,2322-2380,ncRNA,-1565.1,ENST00000454935.1,OLMALINC
200,ENST00000493094,POPDC2,chr3:119361183-119379730,-48.9,1442-1493,190-241,UTR5,-1041.0,ENST00000454935.1,OLMALINC
201,ENST00000599531,PNMAL2,chr19:46994449-46999755,-74.4,83-148,3515-3580,UTR3,-1616.1,ENST00000477192.6,NUTM2B-AS1
202,ENST00000263754,KAT2B,chr3:20081516-20195896,-74.2,106-163,303-360,UTR5,-1402.1,ENST00000477192.6,NUTM2B-AS1
203,ENST00000590714,FIZ1,chr19:56104727-56113336,-73.1,86-160,2340-2414,UTR5,-2234.1,ENST00000477192.6,NUTM2B-AS1
204,ENST00000331272,FBXW4,chr10:103370424-103455016,-69.7,73-168,190-285,UTR5,-1858.1,ENST00000477192.6,NUTM2B-AS1
205,ENST00000306385,BMP1,chr8:22022250-22069839,-69.2,93-149,516-572,UTR5,-1322.2,ENST00000477192.6,NUTM2B-AS1
206,ENST00000342480,PODXL2,chr3:127348025-127391652,-67.6,78-143,535-600,CDS,-586.5,ENST00000477192.6,NUTM2B-AS1
207,ENST00000607453,RP11-156E8.1,chr1:245132653-245134390,-65.8,110-161,303-354,CDS,-845.1,ENST00000477192.6,NUTM2B-AS1
208,ENST00000261897,PRPF40B,chr12:50017404-50038449,-65.8,125-204,234-313,UTR5,-1999.5,ENST00000477192.6,NUTM2B-AS1
209,ENST00000420978,TSLP,chr5:110405761-110412491,-65.7,93-151,343-401,UTR5,-689.1,ENST00000477192.6,NUTM2B-AS1
210,ENST00000216068,DNAL4,chr22:39174514-39190178,-64.0,92-147,799-854,UTR3,-357.2,ENST00000477192.6,NUTM2B-AS1
211,ENST00000222644,MPP6,chr7:24612966-24733812,-63.9,93-158,25-90,UTR5,-1725.5,ENST00000477192.6,NUTM2B-AS1
212,ENST00000602967,NUTM2E,chr10:81601115-81610632,-63.5,208-266,3494-3552,UTR3,-942.1,ENST00000477192.6,NUTM2B-AS1
213,ENST00000311620,ANKS4B,chr16:21244987-21263750,-63.3,87-161,716-790,CDS,-1293.1,ENST00000477192.6,NUTM2B-AS1
214,ENST00000521487,RAD21-AS1,chr8:117886664-117889107,-63.1,110-163,206-259,ncRNA,-518.1,ENST00000477192.6,NUTM2B-AS1
215,ENST00000357338,DLK2,chr6:43418093-43424370,-62.9,1-70,468-538,UTR5,-848.4,ENST00000477192.6,NUTM2B-AS1
216,ENST00000535453,APC2,chr19:1451289-1473237,-62.7,80-165,756-841,UTR5,-2248.8,ENST00000477192.6,NUTM2B-AS1
217,ENST00000221930,TGFB1,chr19:41836229-41859816,-61.7,97-156,213-272,UTR5,-574.5,ENST00000477192.6,NUTM2B-AS1
218,ENST00000374022,GJB1,chrX:70435063-70445366,-61.6,65-113,1317-1365,UTR3,-501.0,ENST00000477192.6,NUTM2B-AS1
219,ENST00000361200,DUSP27,chr1:167063283-167098366,-61.6,189-242,1374-1427,CDS,-1902.4,ENST00000477192.6,NUTM2B-AS1
220,ENST00000382545,KCNA1,chr12:5019072-5027413,-61.5,62-127,607-672,UTR5,-1184.3,ENST00000477192.6,NUTM2B-AS1
221,ENST00000493094,POPDC2,chr3:119361183-119379730,-61.1,60-109,193-242,UTR5,-412.9,ENST00000477192.6,NUTM2B-AS1
222,ENST00000399510,DLG4,chr17:7093210-7123021,-61.1,73-126,3811-3864,UTR3,-1381.4,ENST00000477192.6,NUTM2B-AS1
223,ENST00000392870,GRK5,chr10:120967102-121215131,-61.1,318-375,19-76,UTR5,-1185.2,ENST00000477192.6,NUTM2B-AS1
224,ENST00000444313,PARVG,chr22:44576771-44604349,-60.9,189-241,2363-2415,UTR3,-1625.8,ENST00000477192.6,NUTM2B-AS1
225,ENST00000373382,VPS26A,chr10:70883269-70932617,-60.8,94-143,475-524,UTR5,-1023.4,ENST00000477192.6,NUTM2B-AS1
226,ENST00000361464,MGEA5,chr10:103544210-103578175,-60.2,113-163,250-300,UTR5,-1604.4,ENST00000477192.6,NUTM2B-AS1
227,ENST00000084798,CA11,chr19:49141200-49149569,-60.2,187-242,228-283,UTR5,-1478.3,ENST00000477192.6,NUTM2B-AS1
228,ENST00000530595,AP000662.4,chr11:57405850-57420263,-60.1,357-414,170-227,ncRNA,-1306.4,ENST00000477192.6,NUTM2B-AS1
229,ENST00000449175,MIR600HG,chr9:125871774-125877756,-60.0,318-382,761-825,ncRNA,-1616.5,ENST00000477192.6,NUTM2B-AS1
230,ENST00000538705,RP11-804A23.4,chr11:60609280-60618554,-59.9,99-156,293-350,ncRNA,-205.4,ENST00000477192.6,NUTM2B-AS1
231,ENST00000399246,AC003102.1,chr17:42325759-42327236,-59.8,189-243,379-433,UTR5,-511.2,ENST00000477192.6,NUTM2B-AS1
232,ENST00000382483,RP1L1,chr8:10463860-10512612,-59.8,78-163,5567-5652,CDS,-2646.6,ENST00000477192.6,NUTM2B-AS1
233,ENST00000368463,PBXIP1,chr1:154916557-154928580,-59.8,209-282,1595-1668,CDS,-1310.7,ENST00000477192.6,NUTM2B-AS1
234,ENST00000330436,CYP2A13,chr19:41594378-41602100,-59.7,98-162,1573-1637,UTR3,-908.2,ENST00000477192.6,NUTM2B-AS1
235,ENST00000604729,ZSWIM8,chr10:75545341-75561550,-59.3,99-161,2501-2563,CDS,-792.8,ENST00000477192.6,NUTM2B-AS1
236,ENST00000426653,AC023490.2,chr22:20377670-20378803,-59.3,105-165,625-685,ncRNA,-494.8,ENST00000477192.6,NUTM2B-AS1
237,ENST00000554403,RP11-66N24.4,chr14:23982559-24013485,-59.2,109-161,171-223,ncRNA,-1537.9,ENST00000477192.6,NUTM2B-AS1
238,ENST00000295851,ABI2,chr2:204192943-204312446,-59.0,356-412,15330-15386,UTR3,-4300.4,ENST00000477192.6,NUTM2B-AS1
239,ENST00000536300,SP6,chr17:45922281-45928559,-59.0,90-162,1556-1628,UTR3,-1319.5,ENST00000477192.6,NUTM2B-AS1
240,ENST00000512650,CTC-564N23.2,chr5:76369707-76370345,-58.6,110-163,248-301,ncRNA,-280.3,ENST00000477192.6,NUTM2B-AS1
241,ENST00000610000,RP4-569D19.8,chr22:35922980-35923462,-58.6,319-370,279-330,ncRNA,-621.2,ENST00000477192.6,NUTM2B-AS1
242,ENST00000382426,RP11-1275H24.1,chr7:5465917-5468558,-58.3,25-78,1806-1859,ncRNA,-930.2,ENST00000477192.6,NUTM2B-AS1
243,ENST00000610122,RP11-1275H24.1,chr7:5465909-5468558,-58.3,25-78,1806-1859,ncRNA,-930.2,ENST00000477192.6,NUTM2B-AS1
244,ENST00000576752,RP5-1050D4.3,chr17:4871291-4872117,-58.2,357-418,219-280,ncRNA,-280.7,ENST00000477192.6,NUTM2B-AS1
245,ENST00000316059,ZFP91,chr11:58346585-58388515,-58.1,82-148,7-73,UTR5,-1683.4,ENST00000477192.6,NUTM2B-AS1
246,ENST00000546793,RP11-983P16.4,chr12:53436974-53448222,-58.0,209-277,612-680,ncRNA,-1920.9,ENST00000477192.6,NUTM2B-AS1
247,ENST00000509870,HOXC-AS3,chr12:54377235-54378622,-57.7,106-157,24-75,ncRNA,-242.4,ENST00000477192.6,NUTM2B-AS1
248,ENST00000562343,RP11-923I11.6,chr12:52211684-52213934,-57.6,78-141,1899-1962,ncRNA,-1253.4,ENST00000477192.6,NUTM2B-AS1
249,ENST00000236147,SELL,chr1:169659809-169680839,-57.5,186-241,1-36,UTR5,-852.4,ENST00000477192.6,NUTM2B-AS1
250,ENST00000372396,KDM4A,chr1:44115830-44171186,-57.3,327-382,1224-1279,CDS,-1256.0,ENST00000477192.6,NUTM2B-AS1
251,ENST00000308748,ASPHD1,chr16:29912042-29917377,-57.3,361-423,135-197,UTR5,-1088.3,ENST00000477192.6,NUTM2B-AS1
252,ENST00000265354,SRF,chr6:43139038-43149243,-57.2,86-141,3068-3123,UTR3,-946.2,ENST00000477192.6,NUTM2B-AS1
253,ENST00000268802,NOB1,chr16:69775771-69788843,-57.2,141-201,586-646,CDS,-276.7,ENST00000477192.6,NUTM2B-AS1
254,ENST00000562925,NR2E3,chr15:72103474-72110585,-57.2,317-377,126-186,ncRNA,-761.4,ENST00000477192.6,NUTM2B-AS1
255,ENST00000513761,CLCN3,chr4:170541673-170644824,-57.1,322-372,3184-3234,UTR3,-1621.9,ENST00000477192.6,NUTM2B-AS1
256,ENST00000259818,TUBB2B,chr6:3224496-3227969,-57.1,318-365,1540-1587,UTR3,-813.8,ENST00000477192.6,NUTM2B-AS1
257,ENST00000441885,SHISA6,chr17:11144581-11467380,-57.1,363-414,4413-4464,UTR3,-1031.8,ENST00000477192.6,NUTM2B-AS1
258,ENST00000553484,UNC79,chr14:93897223-94174222,-57.0,112-163,8-59,UTR5,-1508.5,ENST00000477192.6,NUTM2B-AS1
259,ENST00000327928,OTOL1,chr3:161214597-161221730,-57.0,317-377,739-799,CDS,-1123.1,ENST00000477192.6,NUTM2B-AS1
260,ENST00000580996,RP11-138I1.2,chr17:16317839-16320003,-56.9,120-193,291-364,ncRNA,-668.3,ENST00000477192.6,NUTM2B-AS1
261,ENST00000340363,C17orf99,chr17:76142435-76162258,-56.8,324-376,787-839,CDS,-335.9,ENST00000477192.6,NUTM2B-AS1
262,ENST00000375906,GPANK1,chr6:31629007-31634060,-56.7,112-163,171-222,UTR5,-935.8,ENST00000477192.6,NUTM2B-AS1
263,ENST00000466675,RARRES2,chr7:150035448-150038732,-56.6,105-176,605-676,UTR5,-1593.7,ENST00000477192.6,NUTM2B-AS1
264,ENST00000510254,NR2F1-AS1,chr5:92746996-92916713,-56.6,98-163,348-413,ncRNA,-603.8,ENST00000477192.6,NUTM2B-AS1
265,ENST00000503134,NR2F1-AS1,chr5:92879249-92916738,-56.6,98-163,373-438,ncRNA,-664.9,ENST00000477192.6,NUTM2B-AS1
266,ENST00000507963,NR2F1-AS1,chr5:92889460-92916761,-56.6,98-163,396-461,ncRNA,-592.7,ENST00000477192.6,NUTM2B-AS1
267,ENST00000372406,GPR107,chr9:132815706-132902443,-56.6,98-149,2522-2573,UTR3,-2107.0,ENST00000477192.6,NUTM2B-AS1
268,ENST00000577390,CDH8,chr16:61681147-62070739,-56.4,108-167,239-298,UTR5,-1962.1,ENST00000477192.6,NUTM2B-AS1
269,ENST00000605277,CTD-2012K14.6,chr16:67583118-67597861,-56.3,82-139,674-731,ncRNA,-468.3,ENST00000477192.6,NUTM2B-AS1
270,ENST00000283351,TRAPPC8,chr18:29409137-29523063,-56.2,363-414,5608-5659,UTR3,-1140.0,ENST00000477192.6,NUTM2B-AS1
271,ENST00000402918,ELFN2,chr22:37764001-37823505,-55.9,211-258,3547-3594,UTR3,-2888.8,ENST00000477192.6,NUTM2B-AS1
272,ENST00000380368,BPHL,chr6:3118611-3153428,-55.9,316-381,227-292,UTR5,-540.4,ENST00000477192.6,NUTM2B-AS1
273,ENST00000591765,CCR10,chr17:40831439-40835082,-55.8,84-141,1828-1885,UTR3,-792.1,ENST00000477192.6,NUTM2B-AS1
274,ENST00000445014,C11orf95,chr11:63531617-63533734,-55.8,318-366,980-1028,ncRNA,-226.0,ENST00000477192.6,NUTM2B-AS1
275,ENST00000267426,FITM1,chr14:24600485-24602058,-55.8,222-276,277-331,"UTR5,start_codon",-421.5,ENST00000477192.6,NUTM2B-AS1
276,ENST00000558325,RP11-468E2.6,chr14:24590561-24601038,-55.8,222-276,550-604,ncRNA,-373.7,ENST00000477192.6,NUTM2B-AS1
277,ENST00000596286,CTC-518B2.12,chr19:51517631-51517990,-55.7,99-161,106-168,ncRNA,-732.5,ENST00000477192.6,NUTM2B-AS1
278,ENST00000357242,TBC1D8B,chrX:106045911-106119375,-55.4,87-162,67-142,UTR5,-1397.7,ENST00000477192.6,NUTM2B-AS1
279,ENST00000393350,MAF,chr16:79628229-79634611,-55.3,116-166,576-626,UTR5,-1168.8,ENST00000477192.6,NUTM2B-AS1
280,ENST00000273075,DNPEP,chr2:220238269-220252737,-55.2,90-143,26-79,UTR5,-523.7,ENST00000477192.6,NUTM2B-AS1
281,ENST00000311177,HOXB9,chr17:46698519-46703839,-55.1,189-237,54-102,UTR5,-382.4,ENST00000477192.6,NUTM2B-AS1
282,ENST00000226193,RCVRN,chr17:9799638-9808938,-55.1,83-161,1839-1917,UTR3,-1270.7,ENST00000477192.6,NUTM2B-AS1
283,ENST00000293780,CHRNE,chr17:4801070-4806369,-55.0,58-111,2332-2385,UTR3,-720.1,ENST00000477192.6,NUTM2B-AS1
284,ENST00000579138,RP11-74H8.1,chr17:65028526-65029406,-55.0,95-149,1-51,ncRNA,-459.9,ENST00000477192.6,NUTM2B-AS1
285,ENST00000371753,NACC2,chr9:138898384-138942426,-54.9,230-278,3129-3177,UTR3,-1086.5,ENST00000477192.6,NUTM2B-AS1
286,ENST00000577684,RP1-37N7.3,chr17:18314474-18317694,-54.9,79-141,1229-1291,ncRNA,-936.5,ENST00000477192.6,NUTM2B-AS1
287,ENST00000509382,LINC01020,chr5:5034577-5059794,-54.9,328-377,356-405,ncRNA,-536.8,ENST00000477192.6,NUTM2B-AS1
288,ENST00000507599,LINC01020,chr5:5038800-5057986,-54.9,328-377,265-314,ncRNA,-535.4,ENST00000477192.6,NUTM2B-AS1
289,ENST00000508201,LINC01020,chr5:5034473-5070117,-54.9,328-377,509-558,ncRNA,-778.2,ENST00000477192.6,NUTM2B-AS1
290,ENST00000557682,AC013394.2,chr15:93425938-93441975,-54.8,363-414,56-107,ncRNA,-490.2,ENST00000477192.6,NUTM2B-AS1
291,ENST00000586698,CTC-548K16.2,chr19:14416271-14474802,-54.7,100-162,1-56,ncRNA,-364.6,ENST00000477192.6,NUTM2B-AS1
292,ENST00000396789,LTB4R,chr14:24782518-24787242,-54.6,100-161,2887-2948,UTR3,-1013.7,ENST00000477192.6,NUTM2B-AS1
293,ENST00000315073,TRIM41,chr5:180650291-180662809,-54.6,190-243,359-412,UTR5,-998.8,ENST00000477192.6,NUTM2B-AS1
294,ENST00000396435,IQSEC2,chrX:53262059-53350522,-54.6,82-147,5884-5949,UTR3,-753.7,ENST00000477192.6,NUTM2B-AS1
295,ENST00000416385,RP11-206L10.3,chr1:677194-685396,-54.6,116-168,3518-3570,ncRNA,-793.8,ENST00000477192.6,NUTM2B-AS1
296,ENST00000484859,RP11-34P13.13,chr1:141475-149707,-54.6,116-168,3518-3570,ncRNA,-788.2,ENST00000477192.6,NUTM2B-AS1
297,ENST00000375031,SH2D5,chr1:21046226-21059133,-54.5,105-163,2211-2269,UTR3,-729.5,ENST00000477192.6,NUTM2B-AS1
298,ENST00000292431,NACC1,chr19:13229152-13251955,-54.5,32-79,3919-3966,UTR3,-491.7,ENST00000477192.6,NUTM2B-AS1
299,ENST00000307145,KLF13,chr15:31619059-31670102,-54.5,330-385,3748-3803,UTR3,-1057.7,ENST00000477192.6,NUTM2B-AS1
300,ENST00000379218,SLC26A10,chr12:58013694-58019933,-54.4,85-166,2086-2167,UTR3,-835.7,ENST00000477192.6,NUTM2B-AS1
301,ENST00000328544,SSTR3,chr22:37600279-37608362,-54.4,208-263,3773-3828,UTR3,-767.2,ENST00000477192.6,NUTM2B-AS1
302,ENST00000287152,KIF6,chr6:39297767-39693181,-54.4,321-382,7977-8038,UTR3,-2217.5,ENST00000477192.6,NUTM2B-AS1
303,ENST00000253001,LSM14B,chr20:60697518-60710434,-54.3,312-374,1836-1898,UTR3,-977.8,ENST00000477192.6,NUTM2B-AS1
304,ENST00000262940,RASA4,chr7:102220094-102257204,-54.3,80-141,5422-5483,UTR3,-902.6,ENST00000477192.6,NUTM2B-AS1
305,ENST00000301146,CYP2A7,chr19:41381345-41388657,-54.3,212-276,2097-2161,UTR3,-589.3,ENST00000477192.6,NUTM2B-AS1
306,ENST00000258796,TTYH3,chr7:2671586-2704436,-54.3,114-168,3452-3506,UTR3,-335.8,ENST00000477192.6,NUTM2B-AS1
307,ENST00000322957,FOXJ1,chr17:74132415-74137380,-54.2,320-383,2118-2181,UTR3,-627.1,ENST00000477192.6,NUTM2B-AS1
308,ENST00000368655,GATAD2B,chr1:153777202-153895451,-54.2,114-163,7106-7155,UTR3,-1593.2,ENST00000477192.6,NUTM2B-AS1
309,ENST00000324348,AC025335.1,chr17:7816643-7819271,-54.2,100-163,141-204,ncRNA,-882.0,ENST00000477192.6,NUTM2B-AS1
310,ENST00000578935,RP11-149I2.4,chr9:21995482-21996012,-54.2,95-169,71-145,ncRNA,-672.4,ENST00000477192.6,NUTM2B-AS1
311,ENST00000409535,RAD54L2,chr3:51575597-51702683,-54.2,212-263,5655-5706,UTR3,-2319.2,ENST00000477192.6,NUTM2B-AS1
312,ENST00000267406,CBLN3,chr14:24895739-24898731,-54.2,77-168,344-435,UTR5,-1120.6,ENST00000477192.6,NUTM2B-AS1
313,ENST00000450554,U2AF2,chr19:56165513-56186081,-54.1,222-277,2529-2584,UTR3,-991.9,ENST00000477192.6,NUTM2B-AS1
314,ENST00000359362,EDARADD,chr1:236558717-236648214,-54.1,113-161,36-84,UTR5,-685.1,ENST00000477192.6,NUTM2B-AS1
315,ENST00000326446,ARL6IP6,chr2:153574429-153617767,-54.1,106-159,13-66,UTR5,-807.0,ENST00000477192.6,NUTM2B-AS1
316,ENST00000608354,RP1-102K2.8,chr22:30642195-30642987,-54.1,359-422,670-733,ncRNA,-559.6,ENST00000477192.6,NUTM2B-AS1
317,ENST00000259750,TTBK1,chr6:43211419-43255997,-54.1,104-156,6270-6322,UTR3,-857.8,ENST00000477192.6,NUTM2B-AS1
318,ENST00000501122,NEAT1,chr11:65190270-65213011,-54.1,362-429,21313-21380,ncRNA,-5559.4,ENST00000477192.6,NUTM2B-AS1
319,ENST00000452501,RP5-1172N10.2,chrX:41134993-41136031,-54.0,110-165,553-608,ncRNA,-259.3,ENST00000477192.6,NUTM2B-AS1
320,ENST00000371369,TMEM255A,chrX:119392506-119445391,-53.9,147-207,16-76,UTR5,-816.1,ENST00000477192.6,NUTM2B-AS1
321,ENST00000306085,TRIM56,chr7:100728721-100733909,-53.8,359-419,2554-2614,"CDS,stop_codon",-880.3,ENST00000477192.6,NUTM2B-AS1
322,ENST00000264553,GZMM,chr19:544035-549919,-53.8,358-412,863-917,UTR3,-126.8,ENST00000477192.6,NUTM2B-AS1
323,ENST00000606802,RP4-734G22.3,chr1:10699299-10714390,-53.8,194-245,3556-3607,ncRNA,-2221.2,ENST00000477192.6,NUTM2B-AS1
324,ENST00000354831,NRD1,chr1:52254864-52344477,-53.8,58-124,9-75,UTR5,-932.4,ENST00000477192.6,NUTM2B-AS1
325,ENST00000269919,PGPEP1,chr19:18451398-18480760,-53.8,59-139,4458-4538,UTR3,-2403.2,ENST00000477192.6,NUTM2B-AS1
326,ENST00000300176,AGFG2,chr7:100136849-100165842,-53.7,355-413,4728-4786,UTR3,-995.0,ENST00000477192.6,NUTM2B-AS1
327,ENST00000242208,INHBA,chr7:41724713-41742706,-53.6,103-159,1031-1087,CDS,-2053.2,ENST00000477192.6,NUTM2B-AS1
328,ENST00000506612,CTD-2275D24.3,chr5:73623821-73630591,-53.5,318-371,425-478,ncRNA,-411.2,ENST00000477192.6,NUTM2B-AS1
329,ENST00000380358,CHD3,chr17:7788125-7816078,-53.5,94-168,5102-5176,CDS,-2482.5,ENST00000477192.6,NUTM2B-AS1
330,ENST00000558133,MEX3B,chr15:82334129-82338460,-53.5,208-278,639-709,CDS,-759.1,ENST00000477192.6,NUTM2B-AS1
331,ENST00000245934,SYMPK,chr19:46318694-46366548,-53.5,93-141,4075-4123,UTR3,-1074.8,ENST00000477192.6,NUTM2B-AS1
332,ENST00000458103,AC106786.1,chr5:122423330-122425994,-53.4,106-172,23-89,ncRNA,-391.9,ENST00000477192.6,NUTM2B-AS1
333,ENST00000295727,FEV,chr2:219845810-219850379,-53.3,115-178,243-306,UTR5,-348.6,ENST00000477192.6,NUTM2B-AS1
334,ENST00000558170,ZEB2,chr2:145141649-145278621,-53.3,115-165,551-601,UTR5,-1900.7,ENST00000477192.6,NUTM2B-AS1
335,ENST00000382192,ZNF205,chr16:3162562-3170518,-53.3,317-367,1981-2031,UTR3,-659.7,ENST00000477192.6,NUTM2B-AS1
336,ENST00000368346,ASH1L,chr1:155305060-155532484,-53.2,60-134,111-185,UTR5,-3059.0,ENST00000477192.6,NUTM2B-AS1
337,ENST00000314256,KIAA0195,chr17:73452546-73496163,-53.2,114-162,223-271,UTR5,-383.4,ENST00000477192.6,NUTM2B-AS1
338,ENST00000316099,HNF4A,chr20:43029925-43061485,-53.2,59-120,2622-2683,UTR3,-1550.9,ENST00000477192.6,NUTM2B-AS1
339,ENST00000433108,MIR205HG,chr1:209602166-209605890,-53.1,106-162,1698-1754,ncRNA,-736.5,ENST00000477192.6,NUTM2B-AS1
340,ENST00000419143,MIR205HG,chr1:209602858-209604631,-53.1,106-162,202-258,ncRNA,-266.6,ENST00000477192.6,NUTM2B-AS1
341,ENST00000374259,FOXO4,chrX:70316048-70323385,-53.1,93-147,3001-3055,UTR3,-1005.7,ENST00000477192.6,NUTM2B-AS1
342,ENST00000332272,CHST6,chr16:75510950-75528926,-53.1,57-114,2060-2117,UTR3,-1150.8,ENST00000477192.6,NUTM2B-AS1
343,ENST00000499752,RP11-379P15.1,chr11:8190715-8200450,-53.1,185-237,240-292,ncRNA,-1069.3,ENST00000477192.6,NUTM2B-AS1
344,ENST00000338508,SHANK2,chr11:70315541-70858372,-53.0,82-142,6823-6883,UTR3,-1131.3,ENST00000477192.6,NUTM2B-AS1
345,ENST00000330824,GPIHBP1,chr8:144295069-144299044,-53.0,98-165,1132-1199,UTR3,-834.9,ENST00000477192.6,NUTM2B-AS1
346,ENST00000429368,MEG9,chr14:101536249-101539271,-53.0,106-162,1781-1837,ncRNA,-982.1,ENST00000477192.6,NUTM2B-AS1
347,ENST00000266066,SFRP5,chr10:99526509-99531709,-52.9,112-167,1315-1370,UTR3,-725.0,ENST00000477192.6,NUTM2B-AS1
348,ENST00000303694,CHST11,chr12:104850752-105155792,-52.9,66-131,4090-4155,UTR3,-1393.5,ENST00000477192.6,NUTM2B-AS1
349,ENST00000500914,RP11-10K16.1,chr4:174053080-174090803,-52.9,107-156,447-496,ncRNA,-283.6,ENST00000477192.6,NUTM2B-AS1
350,ENST00000243878,ENKD1,chr16:67696849-67700667,-52.8,209-263,224-278,UTR5,-455.9,ENST00000477192.6,NUTM2B-AS1
351,ENST00000280527,CRIM1,chr2:36583070-36778278,-52.8,99-161,3753-3815,UTR3,-1354.4,ENST00000477192.6,NUTM2B-AS1
352,ENST00000373795,SRSF4,chr1:29474256-29508499,-52.6,359-409,1156-1206,CDS,-638.4,ENST00000477192.6,NUTM2B-AS1
353,ENST00000311268,GPR162,chr12:6930712-6936583,-52.6,209-265,184-240,UTR5,-686.5,ENST00000477192.6,NUTM2B-AS1
354,ENST00000545011,MAP2K7,chr19:7968766-7979362,-52.6,358-421,2450-2513,UTR3,-1040.7,ENST00000477192.6,NUTM2B-AS1
355,ENST00000544657,RP11-273B20.1,chr12:7281676-7282848,-52.6,107-170,64-127,ncRNA,-322.2,ENST00000477192.6,NUTM2B-AS1
356,ENST00000520121,PGRMC2,chr4:129190398-129209984,-52.6,108-161,993-1046,CDS,-625.8,ENST00000477192.6,NUTM2B-AS1
357,ENST00000262305,RAB11FIP3,chr16:475620-573011,-52.5,62-124,2824-2886,UTR3,-1522.9,ENST00000477192.6,NUTM2B-AS1
358,ENST00000601203,AIRN,chr6:160424324-160428696,-52.5,366-423,1606-1663,ncRNA,-1463.8,ENST00000477192.6,NUTM2B-AS1
359,ENST00000260570,IFT172,chr2:27667239-27712624,-52.5,110-167,1795-1852,CDS,-1543.7,ENST00000477192.6,NUTM2B-AS1
360,ENST00000309889,TCAP,chr17:37820441-37822808,-52.5,110-163,2016-2069,UTR3,-949.2,ENST00000477192.6,NUTM2B-AS1
361,ENST00000529308,USP35,chr11:77899954-77925757,-52.4,73-157,2246-2330,CDS,-900.6,ENST00000477192.6,NUTM2B-AS1
362,ENST00000397359,CDH24,chr14:23516272-23526747,-52.3,112-159,3456-3503,UTR3,-528.2,ENST00000477192.6,NUTM2B-AS1
363,ENST00000580942,RP11-214C8.2,chr17:62073432-62077259,-52.3,367-414,1045-1092,ncRNA,-608.9,ENST00000477192.6,NUTM2B-AS1
364,ENST00000610146,RP11-336K24.12,chr1:155948591-155952777,-52.3,113-182,647-716,ncRNA,-883.5,ENST00000477192.6,NUTM2B-AS1
365,ENST00000291294,PTGIR,chr19:47123726-47128375,-52.3,7-68,1953-2014,UTR3,-802.0,ENST00000477192.6,NUTM2B-AS1
366,ENST00000545511,AACS,chr12:125604405-125627873,-52.3,81-150,2328-2397,UTR5,-2000.9,ENST00000477192.6,NUTM2B-AS1
367,ENST00000375102,PLA2G2F,chr1:20465820-20476879,-52.3,81-156,1906-1981,UTR3,-1011.3,ENST00000477192.6,NUTM2B-AS1
368,ENST00000265978,FAM160A2,chr11:6232576-6255941,-52.2,112-163,2206-2257,CDS,-513.2,ENST00000477192.6,NUTM2B-AS1
369,ENST00000405409,RBFOX2,chr22:36134784-36236634,-52.2,101-172,138-209,UTR5,-1824.1,ENST00000477192.6,NUTM2B-AS1
370,ENST00000368061,VANGL2,chr1:160370377-160398468,-52.2,91-148,3949-4006,UTR3,-1068.9,ENST00000477192.6,NUTM2B-AS1
371,ENST00000312358,SPEG,chr2:220299569-220358354,-52.2,110-161,10189-10240,UTR3,-2280.1,ENST00000477192.6,NUTM2B-AS1
372,ENST00000396477,CEACAM18,chr19:51981877-51994206,-52.2,329-383,1150-1204,"CDS,stop_codon",-518.8,ENST00000477192.6,NUTM2B-AS1
373,ENST00000606227,RP11-428J1.4,chr6:5031991-5054657,-52.2,2-78,1925-2001,ncRNA,-1373.9,ENST00000477192.6,NUTM2B-AS1
374,ENST00000433688,C11orf95,chr11:63527365-63536113,-52.1,59-117,3272-3330,ncRNA,-935.5,ENST00000477192.6,NUTM2B-AS1
375,ENST00000524240,GFRA2,chr8:21547916-21646322,-52.1,321-377,4491-4547,UTR3,-913.3,ENST00000477192.6,NUTM2B-AS1
376,ENST00000520539,UBR5,chr8:103265241-103425069,-52.1,116-163,510-557,UTR5,-2260.1,ENST00000477192.6,NUTM2B-AS1
377,ENST00000426467,CTA-929C8.6,chr22:27706613-27713417,-52.0,119-172,1639-1692,ncRNA,-1894.9,ENST00000477192.6,NUTM2B-AS1
378,ENST00000243052,PDE1B,chr12:54943135-54973023,-52.0,147-197,124-174,UTR5,-1094.9,ENST00000477192.6,NUTM2B-AS1
379,ENST00000470532,RP11-458K10.2,chr7:115319400-115322672,-52.0,91-139,98-146,ncRNA,-456.3,ENST00000477192.6,NUTM2B-AS1
380,ENST00000322342,ZADH2,chr18:72907064-72921303,-52.0,93-158,122-187,UTR5,-1819.5,ENST00000477192.6,NUTM2B-AS1
381,ENST00000441564,PSD4,chr2:113931575-113966973,-52.0,98-158,6679-6739,UTR3,-2145.9,ENST00000477192.6,NUTM2B-AS1
382,ENST00000449034,RP5-1071N3.1,chr1:21619784-21626267,-52.0,91-151,1923-1983,ncRNA,-534.7,ENST00000477192.6,NUTM2B-AS1
383,ENST00000607850,CTB-131B5.5,chr5:139541539-139552636,-51.9,91-139,3317-3365,ncRNA,-1424.1,ENST00000477192.6,NUTM2B-AS1
384,ENST00000339157,ABHD12,chr20:25280835-25371612,-51.9,93-148,28-83,UTR5,-425.8,ENST00000477192.6,NUTM2B-AS1
385,ENST00000454676,RP4-738P15.1,chr20:25121426-25129426,-51.8,87-148,2132-2193,ncRNA,-835.5,ENST00000477192.6,NUTM2B-AS1
386,ENST00000405142,NUDT16L1,chr16:4743720-4745856,-51.8,318-370,688-740,CDS,-837.7,ENST00000477192.6,NUTM2B-AS1
387,ENST00000504986,TMEM33,chr4:41937138-41962589,-51.8,318-381,2128-2191,UTR3,-1087.7,ENST00000477192.6,NUTM2B-AS1
388,ENST00000398226,VIMP,chr15:101811023-101817655,-51.8,366-421,1348-1403,UTR3,-677.8,ENST00000477192.6,NUTM2B-AS1
389,ENST00000566936,DOK4,chr16:57505864-57513717,-51.7,74-131,1-44,UTR5,-848.4,ENST00000477192.6,NUTM2B-AS1
390,ENST00000317357,SOBP,chr6:107811163-107981357,-51.7,114-163,4948-4997,UTR3,-795.1,ENST00000477192.6,NUTM2B-AS1
391,ENST00000361507,GAB2,chr11:77926344-78128852,-51.7,359-409,3068-3118,UTR3,-2122.0,ENST00000477192.6,NUTM2B-AS1
392,ENST00000607675,RP11-61I13.3,chr6:39849581-39856707,-51.7,130-184,1546-1600,ncRNA,-583.0,ENST00000477192.6,NUTM2B-AS1
393,ENST00000441492,MIR503HG,chrX:133678457-133680653,-51.6,81-140,168-227,ncRNA,-346.6,ENST00000477192.6,NUTM2B-AS1
394,ENST00000588081,FXYD1,chr19:35630927-35633954,-51.6,86-147,412-473,UTR3,-147.6,ENST00000477192.6,NUTM2B-AS1
395,ENST00000216802,PSME2,chr14:24612575-24616430,-51.6,57-114,512-569,UTR5,-166.9,ENST00000477192.6,NUTM2B-AS1
396,ENST00000367028,HSD11B1,chr1:209859511-209908295,-51.6,320-377,9-66,UTR5,-519.4,ENST00000477192.6,NUTM2B-AS1
397,ENST00000569432,RP11-554A11.6,chr11:68779752-68781534,-51.6,362-413,468-519,ncRNA,-298.9,ENST00000477192.6,NUTM2B-AS1
398,ENST00000326724,AATK,chr17:79091096-79139817,-51.5,95-163,5001-5069,UTR3,-1148.3,ENST00000477192.6,NUTM2B-AS1
399,ENST00000005286,TMEM132A,chr11:60691954-60704631,-51.5,59-126,2555-2622,CDS,-583.1,ENST00000477192.6,NUTM2B-AS1
400,ENST00000375911,C6orf47,chr6:31626076-31628549,-51.5,327-376,1642-1691,CDS,-1203.7,ENST00000477192.6,NUTM2B-AS1
401,ENST00000427980,ATXN1L,chr16: 71879895-71891231,-47.0,12-61,3641-3690,UTR3,-3477.1,ENST00000524003.1,OTUD6B-AS1
402,ENST00000407418,CBX6,chr22: 39257456-39268319,-46.3,12-63,921-972,CDS,-1477.1,ENST00000524003.1,OTUD6B-AS1
403,ENST00000248114,GFER,chr16: 2034215-2037750,-45.5,9-59,2229-2279,UTR3,-535.2,ENST00000524003.1,OTUD6B-AS1
404,ENST00000332826,ANO9,chr11: 418264-442011,-45.3,12-63,2149-2200,CDS,-363.7,ENST00000524003.1,OTUD6B-AS1
405,ENST00000381801,MTMR6,chr13: 25820340-25862147,-44.8,10-58,356-404,UTR5,-3226.0,ENST00000524003.1,OTUD6B-AS1
406,ENST00000379119,BCAP29,chr7: 107221205-107263762,-44.6,509-571,4496-4558,UTR3,-3870.0,ENST00000524003.1,OTUD6B-AS1
407,ENST00000599035,LGALS7,chr19: 39262525-39264072,-44.6,11-64,160-213,UTR5,-246.3,ENST00000524003.1,OTUD6B-AS1
408,ENST00000332129,KIF21B,chr1: 200938521-200992828,-44.0,532-586,5193-5247,UTR3,-1976.9,ENST00000524003.1,OTUD6B-AS1
409,ENST00000515673,RNF150,chr4: 141780962-142053996,-43.2,530-586,5875-5931,UTR3,-4736.7,ENST00000524003.1,OTUD6B-AS1
410,ENST00000334266,TAS2R42,chr12: 11338600-11339543,-43.0,511-586,533-608,CDS,-1057.0,ENST00000524003.1,OTUD6B-AS1
411,ENST00000399914,GRIK1,chr21: 30909255-31312340,-42.9,525-580,83-138,UTR5,-1161.8,ENST00000524003.1,OTUD6B-AS1
412,ENST00000492522,CTD-2377D24.6,chr17: 46782361-46783692,-42.5,12-62,210-260,ncRNA,-556.5,ENST00000524003.1,OTUD6B-AS1
413,ENST00000478824,CTD-2377D24.6,chr17: 46782566-46784708,-42.5,12-62,5-55,ncRNA,-1196.5,ENST00000524003.1,OTUD6B-AS1
414,ENST00000494383,TLR9,chr3: 52255098-52265206,-42.5,9-56,3606-3653,UTR3,-673.3,ENST00000524003.1,OTUD6B-AS1
415,ENST00000291295,CALM3,chr19: 47104494-47114050,-42.4,12-63,1927-1978,UTR3,-691.3,ENST00000524003.1,OTUD6B-AS1
416,ENST00000392562,GRB2,chr17: 73314158-73401567,-41.7,528-585,1668-1725,UTR3,-1214.7,ENST00000524003.1,OTUD6B-AS1
417,ENST00000361571,CAMTA2,chr17: 4871293-4890665,-41.5,11-64,4446-4499,UTR3,-990.3,ENST00000524003.1,OTUD6B-AS1
418,ENST00000375662,FAM131C,chr1: 16384265-16400121,-41.4,12-62,1559-1609,UTR3,-229.4,ENST00000524003.1,OTUD6B-AS1
419,ENST00000493196,RWDD2B,chr21: 30376706-30391699,-41.1,11-58,2749-2796,UTR3,-1376.4,ENST00000524003.1,OTUD6B-AS1
420,ENST00000450053,NBEAL2,chr3: 47021174-47051193,-41.0,10-65,4082-4137,CDS,-1145.5,ENST00000524003.1,OTUD6B-AS1
421,ENST00000395738,ADM2,chr22: 50919986-50924869,-40.9,9-56,250-297,"UTR5, start_codon",-538.8,ENST00000524003.1,OTUD6B-AS1
422,ENST00000264377,ADAM23,chr2: 207308264-207485851,-40.4,528-585,3721-3778,UTR3,-2962.8,ENST00000524003.1,OTUD6B-AS1
423,ENST00000287169,ZDHHC5,chr11: 57435369-57468659,-40.3,524-586,1244-1306,UTR5,-1772.1,ENST00000524003.1,OTUD6B-AS1
424,ENST00000370490,SLITRK2,chrX: 144899690-144907360,-40.2,13-62,3266-3315,UTR5,-2779.6,ENST00000524003.1,OTUD6B-AS1
425,ENST00000354925,PITX2,chr4: 111538583-111563162,-40.2,10-63,976-1029,UTR5,-1060.5,ENST00000524003.1,OTUD6B-AS1
426,ENST00000435159,TMEM132C,chr12: 128751949-129192460,-40.1,518-580,3866-3928,UTR3,-1264.7,ENST00000524003.1,OTUD6B-AS1
427,ENST00000605056,RP11-373D23.3,chr2: 28648813-28649586,-40.1,12-63,490-541,ncRNA,-578.4,ENST00000524003.1,OTUD6B-AS1
428,ENST00000545145,RBM19,chr12: 114254548-114404111,-40.1,523-586,3976-4039,UTR3,-1035.1,ENST00000524003.1,OTUD6B-AS1
429,ENST00000513704,MEF2C-AS1,chr5: 88185126-88239160,-39.9,10-63,46-99,ncRNA,-361.6,ENST00000524003.1,OTUD6B-AS1
430,ENST00000514011,MEF2C-AS1,chr5: 88185153-88263096,-39.9,10-63,19-72,ncRNA,-953.0,ENST00000524003.1,OTUD6B-AS1
431,ENST00000290130,MIS18A,chr21: 33640531-33651380,-39.9,12-65,743-796,"CDS, stop_codon",-820.7,ENST00000524003.1,OTUD6B-AS1
432,ENST00000338916,SYT3,chr19: 51125235-51141302,-39.9,510-585,262-337,UTR5,-1040.9,ENST00000524003.1,OTUD6B-AS1
433,ENST00000355653,VAT1,chr17: 41166623-41174435,-39.9,11-58,1610-1657,UTR3,-510.8,ENST00000524003.1,OTUD6B-AS1
434,ENST00000443633,RP13-137A17.4,chr10: 134757472-134778793,-39.8,500-563,2432-2495,ncRNA,-846.7,ENST00000524003.1,OTUD6B-AS1
435,ENST00000361283,CHAMP1,chr13: 115079989-115092796,-39.8,11-63,3430-3482,UTR3,-1904.9,ENST00000524003.1,OTUD6B-AS1
436,ENST00000547946,RMST,chr12: 97958128-97958813,-39.8,520-584,308-372,ncRNA,-839.3,ENST00000524003.1,OTUD6B-AS1
437,ENST00000602977,RP11-218C14.8,chr20: 23612464-23612953,-39.4,9-64,136-191,ncRNA,-216.5,ENST00000524003.1,OTUD6B-AS1
438,ENST00000329608,CSF1,chr1: 110453256-110473614,-39.4,9-64,3618-3673,UTR3,-717.9,ENST00000524003.1,OTUD6B-AS1
439,ENST00000275767,TMEM140,chr7: 134832825-134850967,-39.3,516-586,137-207,UTR5,-621.8,ENST00000524003.1,OTUD6B-AS1
440,ENST00000367010,HHAT,chr1: 210502645-210849638,-39.3,12-63,1504-1555,CDS,-1357.3,ENST00000524003.1,OTUD6B-AS1
441,ENST00000603815,PCBP2,chr12: 53845887-53874945,-39.3,10-59,182-231,UTR5,-1424.5,ENST00000524003.1,OTUD6B-AS1
442,ENST00000344691,RUNX1,chr21: 36160099-36260987,-39.3,518-585,5746-5813,UTR3,-3094.7,ENST00000524003.1,OTUD6B-AS1
443,ENST00000558170,ZEB2,chr2: 145141649-145278621,-39.2,12-63,34-85,UTR5,-5350.1,ENST00000524003.1,OTUD6B-AS1
444,ENST00000368747,LELP1,chr1: 153175920-153177596,-39.0,12-65,281-334,CDS,-129.6,ENST00000524003.1,OTUD6B-AS1
445,ENST00000434974,LINC00856,chr10: 80008506-80012402,-38.9,9-58,2428-2477,ncRNA,-1121.2,ENST00000524003.1,OTUD6B-AS1
446,ENST00000355621,UBE2H,chr7: 129470573-129592789,-38.8,11-62,4976-5027,UTR3,-2417.9,ENST00000524003.1,OTUD6B-AS1
447,ENST00000577226,PHF12,chr17: 27232272-27278325,-38.8,15-62,7543-7590,UTR3,-2816.9,ENST00000524003.1,OTUD6B-AS1
448,ENST00000317945,CCDC34,chr11: 27370417-27384781,-38.7,560-607,800-847,UTR3,-1938.6,ENST00000524003.1,OTUD6B-AS1
449,ENST00000392142,MAP3K4,chr6: 161412817-161538417,-38.7,12-62,150-200,"CDS, start_codon",-1552.8,ENST00000524003.1,OTUD6B-AS1
450,ENST00000221930,TGFB1,chr19: 41836229-41859816,-38.7,12-63,2241-2292,UTR3,-568.2,ENST00000524003.1,OTUD6B-AS1
451,ENST00000530414,DDX25,chr11: 125774405-125792151,-38.7,517-583,2049-2115,UTR3,-852.5,ENST00000524003.1,OTUD6B-AS1
452,ENST00000381346,RDH11,chr14: 68143519-68162531,-38.7,11-59,1415-1463,UTR3,-945.7,ENST00000524003.1,OTUD6B-AS1
453,ENST00000228495,KCTD10,chr12: 109886462-109915349,-38.7,10-63,1985-2038,UTR3,-1447.4,ENST00000524003.1,OTUD6B-AS1
454,ENST00000309957,CARKD,chr13: 111268009-111292340,-38.5,9-59,1555-1605,UTR3,-773.2,ENST00000524003.1,OTUD6B-AS1
455,ENST00000329293,OLFML1,chr11: 7506714-7532608,-38.3,517-576,2670-2729,UTR3,-1258.8,ENST00000524003.1,OTUD6B-AS1
456,ENST00000370384,KHDC1,chr6: 73951038-74019938,-38.3,31-83,367-419,UTR5,-244.3,ENST00000524003.1,OTUD6B-AS1
457,ENST00000583516,ESRG,chr3: 54666150-54673884,-38.3,527-586,328-387,ncRNA,-2181.4,ENST00000524003.1,OTUD6B-AS1
458,ENST00000370460,AFF2,chrX: 147582140-148082193,-38.3,523-575,11945-11997,UTR3,-5807.3,ENST00000524003.1,OTUD6B-AS1
459,ENST00000265070,GOLPH3,chr5: 32124811-32174456,-38.2,13-62,137-186,UTR5,-1295.3,ENST00000524003.1,OTUD6B-AS1
460,ENST00000296411,METAP1,chr4: 99916772-99983964,-38.2,11-59,55-103,UTR5,-1260.3,ENST00000524003.1,OTUD6B-AS1
461,ENST00000533256,EPS8L2,chr11: 706118-727724,-38.2,9-63,1-55,UTR5,-409.6,ENST00000524003.1,OTUD6B-AS1
462,ENST00000576183,PCTP,chr17: 53828423-53854729,-38.2,14-64,1605-1655,UTR3,-1322.1,ENST00000524003.1,OTUD6B-AS1
463,ENST00000314254,MRGPRX4,chr11: 18194385-18195827,-38.1,9-58,1073-1122,CDS,-447.0,ENST00000524003.1,OTUD6B-AS1
464,ENST00000330947,LRRC8B,chr1: 89990463-90063423,-38.0,530-582,6014-6066,UTR3,-4795.9,ENST00000524003.1,OTUD6B-AS1
465,ENST00000520311,ANKRD46,chr8: 101533005-101571939,-38.0,412-466,2824-2878,UTR3,-2008.9,ENST00000524003.1,OTUD6B-AS1
466,ENST00000371956,DMBX1,chr1: 46972669-46979884,-37.9,438-487,1628-1677,UTR3,-832.5,ENST00000524003.1,OTUD6B-AS1
467,ENST00000402157,TRIM66,chr11: 8633588-8693413,-37.9,520-586,7609-7675,UTR3,-3385.8,ENST00000524003.1,OTUD6B-AS1
468,ENST00000505153,RP11-640N11.2,chr11: 120738643-120765506,-37.7,517-586,2785-2854,ncRNA,-3255.1,ENST00000524003.1,OTUD6B-AS1
469,ENST00000293883,WDR24,chr16: 734623-740400,-37.6,11-59,284-332,UTR5,-359.7,ENST00000524003.1,OTUD6B-AS1
470,ENST00000356083,COL27A1,chr9: 116917841-117074791,-37.6,10-63,7517-7570,UTR3,-1419.1,ENST00000524003.1,OTUD6B-AS1
471,ENST00000256194,MICAL2,chr11: 12132139-12285332,-37.5,520-586,3716-3782,UTR3,-970.9,ENST00000524003.1,OTUD6B-AS1
472,ENST00000361488,FAM110B,chr8: 58907114-59061347,-37.5,9-56,1524-1571,CDS,-967.4,ENST00000524003.1,OTUD6B-AS1
473,ENST00000541173,RP5-1097F14.3,chr1: 231319852-231322143,-37.4,9-56,876-923,ncRNA,-746.4,ENST00000524003.1,OTUD6B-AS1
474,ENST00000291672,SPATC1L,chr21: 47581076-47604373,-37.4,10-57,285-332,UTR5,-330.5,ENST00000524003.1,OTUD6B-AS1
475,ENST00000445861,PAPPA-AS1,chr9: 119160440-119162885,-37.4,513-572,413-472,UTR5,-1689.3,ENST00000524003.1,OTUD6B-AS1
476,ENST00000265459,NRXN2,chr11: 64373649-64490660,-37.4,11-61,6081-6131,UTR3,-827.7,ENST00000524003.1,OTUD6B-AS1
477,ENST00000391802,KLK14,chr19: 51581155-51587502,-37.4,11-63,171-223,"UTR5, start_codon",-370.5,ENST00000524003.1,OTUD6B-AS1
478,ENST00000569927,RP11-1299A16.3,chr4: 99580056-99585701,-37.3,529-576,4047-4094,ncRNA,-3017.7,ENST00000524003.1,OTUD6B-AS1
479,ENST00000514902,LINC00605,chr14: 103653559-103655365,-37.3,10-61,602-653,ncRNA,-532.5,ENST00000524003.1,OTUD6B-AS1
480,ENST00000586600,CCDC130,chr19: 13842575-13874110,-37.2,15-62,1245-1292,CDS,-167.7,ENST00000524003.1,OTUD6B-AS1
481,ENST00000282406,PLEKHH2,chr2: 43864413-43995126,-37.2,521-568,4890-4937,UTR3,-2664.9,ENST00000524003.1,OTUD6B-AS1
482,ENST00000605938,ATG9B,chr7: 150709336-150721586,-37.2,11-63,1984-2036,CDS,-1384.8,ENST00000524003.1,OTUD6B-AS1
483,ENST00000534358,KMT2A,chr11: 118307206-118397539,-37.2,526-586,12637-12697,UTR3,-6098.7,ENST00000524003.1,OTUD6B-AS1
484,ENST00000401073,KIAA1522,chr1: 33207487-33240571,-37.2,12-59,1951-1998,CDS,-1279.4,ENST00000524003.1,OTUD6B-AS1
485,ENST00000319080,MLXIP,chr12: 122516629-122631894,-37.2,12-59,1469-1516,CDS,-2247.6,ENST00000524003.1,OTUD6B-AS1
486,ENST00000568244,RP4-668J24.2,chr6: 1384026-1385301,-37.2,10-57,1031-1078,ncRNA,-154.6,ENST00000524003.1,OTUD6B-AS1
487,ENST00000372071,OPN4,chr10: 88414315-88426212,-37.1,11-58,973-1020,CDS,-557.5,ENST00000524003.1,OTUD6B-AS1
488,ENST00000300069,RBPMS2,chr15: 65032098-65067786,-37.1,10-59,219-268,UTR5,-788.1,ENST00000524003.1,OTUD6B-AS1
489,ENST00000432929,KANK2,chr19: 11274945-11308243,-37.1,11-59,2992-3040,UTR3,-1173.0,ENST00000524003.1,OTUD6B-AS1
490,ENST00000360639,C15orf39,chr15: 75491234-75504510,-37.1,9-56,2450-2497,CDS,-692.5,ENST00000524003.1,OTUD6B-AS1
491,ENST00000253237,GRWD1,chr19: 48949031-48960279,-37.0,12-64,2831-2883,UTR3,-1635.7,ENST00000524003.1,OTUD6B-AS1
492,ENST00000287713,NMNAT2,chr1: 183217373-183387737,-37.0,527-586,1325-1384,UTR3,-2110.6,ENST00000524003.1,OTUD6B-AS1
493,ENST00000356654,ATN1,chr12: 7033627-7051484,-37.0,13-62,1299-1348,CDS,-962.7,ENST00000524003.1,OTUD6B-AS1
494,ENST00000263257,NOVA2,chr19: 46436993-46476804,-36.9,522-586,4774-4838,UTR3,-2491.7,ENST00000524003.1,OTUD6B-AS1
495,ENST00000424383,ELFN1,chr7: 1727756-1787590,-36.8,527-576,3298-3347,UTR3,-639.7,ENST00000524003.1,OTUD6B-AS1
496,ENST00000296326,ZDHHC19,chr3: 195924321-195938266,-36.8,11-62,129-180,CDS,-513.1,ENST00000524003.1,OTUD6B-AS1
497,ENST00000379802,DSP,chr6: 7541809-7586950,-36.8,11-58,111-158,UTR5,-2787.4,ENST00000524003.1,OTUD6B-AS1
498,ENST00000428443,SESTD1,chr2: 179966420-180129517,-36.8,11-58,171-218,UTR5,-5937.5,ENST00000524003.1,OTUD6B-AS1
499,ENST00000438331,ANXA11,chr10: 81910646-81965328,-36.8,11-65,5354-5408,UTR3,-1848.4,ENST00000524003.1,OTUD6B-AS1
500,ENST00000556994,SRP54,chr14: 35451164-35498773,-36.8,525-576,2016-2067,UTR3,-866.6,ENST00000524003.1,OTUD6B-AS1
501,ENST00000378195,SPRYD7,chr13: 50486843-50510626,-36.8,10-64,14-68,UTR5,-1768.7,ENST00000524003.1,OTUD6B-AS1
502,ENST00000549223,RP11-352M15.1,chr12: 45993926-46004403,-36.8,534-586,211-263,ncRNA,-411.1,ENST00000524003.1,OTUD6B-AS1
503,ENST00000322213,SMC1A,chrX: 53401071-53449677,-36.7,15-64,3834-3883,UTR3,-3275.1,ENST00000524003.1,OTUD6B-AS1
504,ENST00000316448,CALR,chr19: 13049422-13055303,-36.7,519-586,1549-1616,UTR3,-477.9,ENST00000524003.1,OTUD6B-AS1
505,ENST00000526775,CACNA1E,chr1: 181452717-181777219,-36.7,512-586,12420-12494,UTR3,-5792.7,ENST00000524003.1,OTUD6B-AS1
506,ENST00000549957,TRHDE-AS1,chr12: 72647289-72652020,-36.7,516-585,227-296,ncRNA,-2252.7,ENST00000524003.1,OTUD6B-AS1
507,ENST00000260653,SIX3,chr2: 45168903-45173216,-36.6,532-586,2289-2343,UTR3,-1041.3,ENST00000524003.1,OTUD6B-AS1
508,ENST00000409785,KCMF1,chr2: 85198217-85286595,-36.6,521-586,2891-2956,UTR3,-3822.8,ENST00000524003.1,OTUD6B-AS1
509,ENST00000396073,ENAM,chr4: 71494462-71512541,-36.6,513-586,4433-4506,UTR3,-2686.1,ENST00000524003.1,OTUD6B-AS1
510,ENST00000418134,RP1-60O19.1,chr6: 107172491-107187962,-36.6,525-586,288-349,ncRNA,-380.9,ENST00000524003.1,OTUD6B-AS1
511,ENST00000608999,PPP1R12B,chr1: 202317828-202561834,-36.5,16-64,8513-8561,UTR3,-5997.7,ENST00000524003.1,OTUD6B-AS1
512,ENST00000414120,LINC00887,chr3: 194018989-194030589,-36.5,11-63,1395-1447,ncRNA,-1778.4,ENST00000524003.1,OTUD6B-AS1
513,ENST00000359827,PLXNA4,chr7: 131808101-132262060,-36.5,11-64,10616-10669,UTR3,-3250.1,ENST00000524003.1,OTUD6B-AS1
514,ENST00000370132,DBT,chr1: 100652476-100715390,-36.5,528-584,6945-7001,UTR3,-5295.4,ENST00000524003.1,OTUD6B-AS1
515,ENST00000329773,MRGPRX2,chr11: 19076003-19082228,-36.5,9-59,761-811,CDS,-1404.4,ENST00000524003.1,OTUD6B-AS1
516,ENST00000200557,ADAM11,chr17: 42836400-42859214,-36.4,10-62,63-115,UTR5,-514.5,ENST00000524003.1,OTUD6B-AS1
517,ENST00000244565,UNC5CL,chr6: 40994773-41006928,-36.4,508-576,2637-2705,UTR3,-870.3,ENST00000524003.1,OTUD6B-AS1
518,ENST00000530909,ARL14EP,chr11: 30349584-30354490,-36.4,529-581,40-92,UTR5,-3160.0,ENST00000524003.1,OTUD6B-AS1
519,ENST00000260356,THBS1,chr15: 39873295-39891667,-36.3,531-579,7205-7253,UTR3,-3302.0,ENST00000524003.1,OTUD6B-AS1
520,ENST00000274853,PPP1R18,chr6: 30644167-30655672,-36.3,531-586,1644-1699,UTR5,-2005.4,ENST00000524003.1,OTUD6B-AS1
521,ENST00000249842,ISLR,chr15: 74466013-74469213,-36.3,169-216,2035-2082,UTR3,-592.3,ENST00000524003.1,OTUD6B-AS1
522,ENST00000426901,RP5-997D24.3,chr1: 54751079-54753044,-36.3,9-56,1005-1052,ncRNA,-286.2,ENST00000524003.1,OTUD6B-AS1
523,ENST00000340415,RAB37,chr17: 72666718-72743473,-36.3,11-63,3199-3251,UTR3,-784.8,ENST00000524003.1,OTUD6B-AS1
524,ENST00000262366,GLIS2,chr16: 4364763-4389598,-36.2,11-62,2690-2741,UTR3,-813.2,ENST00000524003.1,OTUD6B-AS1
525,ENST00000273067,MARCH4,chr2: 217122589-217236750,-36.2,520-586,943-1009,UTR5,-1353.9,ENST00000524003.1,OTUD6B-AS1
526,ENST00000567801,RP11-1096D5.1,chr18: 59415410-59421928,-36.2,11-58,510-557,ncRNA,-1285.7,ENST00000524003.1,OTUD6B-AS1
527,ENST00000582741,RP11-269G24.6,chr17: 61532355-61533178,-36.2,11-64,11-64,ncRNA,-230.2,ENST00000524003.1,OTUD6B-AS1
528,ENST00000392741,RNF32,chr7: 156436485-156453044,-36.2,11-61,1964-2014,UTR3,-1456.9,ENST00000524003.1,OTUD6B-AS1
529,ENST00000590535,RP11-116O18.1,chr18: 43226119-43227895,-36.2,10-65,893-948,ncRNA,-1375.2,ENST00000524003.1,OTUD6B-AS1
530,ENST00000376586,FARP1,chr13: 98795435-99102016,-36.1,9-56,93-140,UTR5,-1382.8,ENST00000524003.1,OTUD6B-AS1
531,ENST00000267406,CBLN3,chr14: 24895739-24898731,-36.1,12-63,1382-1433,UTR3,-512.0,ENST00000524003.1,OTUD6B-AS1
532,ENST00000262056,EIF4B,chr12: 53399943-53435993,-36.1,9-64,190-245,UTR5,-1533.3,ENST00000524003.1,OTUD6B-AS1
533,ENST00000569981,AC009133.14,chr16: 29819967-29823306,-36.1,531-586,1102-1157,ncRNA,-377.0,ENST00000524003.1,OTUD6B-AS1
534,ENST00000504030,HTR3A,chr11: 113845604-113861035,-36.1,9-56,188-235,UTR5,-597.1,ENST00000524003.1,OTUD6B-AS1
535,ENST00000311268,GPR162,chr12: 6930712-6936583,-36.1,9-57,572-620,UTR5,-445.5,ENST00000524003.1,OTUD6B-AS1
536,ENST00000164227,BCL3,chr19: 45251805-45263301,-36.1,532-586,1474-1528,CDS,-418.9,ENST00000524003.1,OTUD6B-AS1
537,ENST00000233047,TMEM159,chr16: 21169699-21191937,-36.0,12-59,283-330,UTR5,-557.6,ENST00000524003.1,OTUD6B-AS1
538,ENST00000489670,RP11-702L6.4,chr3: 109129010-109137864,-36.0,531-578,457-504,ncRNA,-541.5,ENST00000524003.1,OTUD6B-AS1
539,ENST00000302805,SPRY3,chrX: 154997475-155012121,-36.0,520-586,1756-1822,UTR3,-4616.7,ENST00000524003.1,OTUD6B-AS1
540,ENSTR0000302805,SPRY3,chrY: 59100481-59115127,-36.0,520-586,1756-1822,UTR3,-4616.7,ENST00000524003.1,OTUD6B-AS1
541,ENST00000378910,NPHS1,chr19: 36316867-36342739,-36.0,11-62,374-425,CDS,-679.6,ENST00000524003.1,OTUD6B-AS1
542,ENST00000585985,RP11-397A16.3,chr18: 53484399-53486990,-35.9,518-579,790-851,ncRNA,-1517.7,ENST00000524003.1,OTUD6B-AS1
543,ENST00000324695,TRPM8,chr2: 234826044-234928166,-35.9,521-571,3767-3817,UTR3,-2787.0,ENST00000524003.1,OTUD6B-AS1
544,ENST00000331437,CECR6,chr22: 17597191-17602143,-35.9,10-59,153-202,CDS,-1295.9,ENST00000524003.1,OTUD6B-AS1
545,ENST00000330817,ALG12,chr22: 50293878-50312106,-35.9,11-65,5121-5175,UTR3,-1266.8,ENST00000524003.1,OTUD6B-AS1
546,ENST00000324774,CAMKK2,chr12: 121675501-121736111,-35.9,539-586,684-731,UTR5,-1515.2,ENST00000524003.1,OTUD6B-AS1
547,ENST00000513519,RP11-125O18.1,chr4: 128018047-128027926,-35.9,524-580,323-379,ncRNA,-294.1,ENST00000524003.1,OTUD6B-AS1
548,ENST00000313961,RGS5,chr1: 163112095-163172903,-35.8,11-59,5342-5390,UTR3,-3094.8,ENST00000524003.1,OTUD6B-AS1
549,ENST00000274643,MILK4,chr6: 2663872-2751200,-35.8,13-63,4896-4946,UTR3,-2934.9,ENST00000524003.1,OTUD6B-AS1
550,ENST00000447371,NUP85,chr17: 73201816-73231805,-35.8,12-61,1748-1797,CDS,-544.9,ENST00000524003.1,OTUD6B-AS1
551,ENST00000422956,AC016683.6,chr2: 113993114-114034158,-35.7,522-576,9752-9806,ncRNA,-4756.2,ENST00000524003.1,OTUD6B-AS1
552,ENST00000499194,ALKBH3-AS1,chr11: 43930843-43942476,-35.7,523-585,1630-1692,ncRNA,-875.5,ENST00000524003.1,OTUD6B-AS1
553,ENST00000324816,PPT2,chr6: 32121623-32131452,-35.7,10-63,292-345,UTR5,-885.2,ENST00000524003.1,OTUD6B-AS1
554,ENST00000242249,RAMP3,chr7: 45197391-45223849,-35.6,14-63,881-930,UTR3,-249.2,ENST00000524003.1,OTUD6B-AS1
555,ENST00000434868,RP1-90L6.2,chr22: 27254598-27261749,-35.6,539-586,5297-5344,ncRNA,-3162.3,ENST00000524003.1,OTUD6B-AS1
556,ENST00000356742,HVCN1,chr12: 111086603-111126514,-35.6,12-61,570-619,UTR5,-624.6,ENST00000524003.1,OTUD6B-AS1
557,ENST00000306024,LSM3,chr3: 14219859-14242619,-35.5,521-582,2714-2775,UTR3,-1612.2,ENST00000524003.1,OTUD6B-AS1
558,ENST00000369681,CYB5R4,chr6: 84569363-84677143,-35.5,12-65,3973-4026,UTR3,-4700.0,ENST00000524003.1,OTUD6B-AS1
559,ENST00000409408,FAM131B,chr7: 143050496-143058895,-35.5,526-576,3113-3163,UTR3,-2171.4,ENST00000524003.1,OTUD6B-AS1
560,ENST00000388752,MRPL2,chr6: 43021768-43027544,-35.5,9-59,543-593,CDS,-356.5,ENST00000524003.1,OTUD6B-AS1
561,ENST00000506601,RP11-236J17.5,chr11: 8081586-8090920,-35.5,9-65,364-420,ncRNA,-838.1,ENST00000524003.1,OTUD6B-AS1
562,ENST00000530466,RP11-236J17.5,chr11: 8081586-8089487,-35.5,9-65,307-363,ncRNA,-218.7,ENST00000524003.1,OTUD6B-AS1
563,ENST00000371218,FGGY,chr1: 59762654-60228396,-35.4,10-57,46-93,UTR5,-533.1,ENST00000524003.1,OTUD6B-AS1
564,ENST00000230792,NUDT12,chr5: 102884557-102898494,-35.4,528-583,1701-1756,UTR3,-1932.6,ENST00000524003.1,OTUD6B-AS1
565,ENST00000267973,WDR61,chr15: 78575578-78592136,-35.4,11-58,20-67,UTR5,-565.9,ENST00000524003.1,OTUD6B-AS1
566,ENST00000394785,SLC9B2,chr4: 103946648-103997930,-35.4,523-586,2708-2771,UTR3,-1802.4,ENST00000524003.1,OTUD6B-AS1
567,ENST00000262903,HACE1,chr6: 105175969-105307794,-35.4,523-583,3131-3191,UTR3,-2256.0,ENST00000524003.1,OTUD6B-AS1
568,ENST00000333813,TUSC5,chr17: 1182958-1204281,-35.3,13-64,665-716,CDS,-630.3,ENST00000524003.1,OTUD6B-AS1
569,ENST00000596306,AL133373.1,chr14: 92038789-92041383,-35.3,512-574,2213-2275,UTR3,-996.5,ENST00000524003.1,OTUD6B-AS1
570,ENST00000567415,RP11-38G5.4,chr15: 80135890-80136646,-35.3,508-586,211-289,ncRNA,-479.0,ENST00000524003.1,OTUD6B-AS1
571,ENST00000247461,CANX,chr5: 179125908-179157926,-35.3,520-571,3665-3716,UTR3,-2297.2,ENST00000524003.1,OTUD6B-AS1
572,ENST00000258229,PCNXL2,chr1: 233119182-233431459,-35.3,12-59,335-382,CDS,-1992.7,ENST00000524003.1,OTUD6B-AS1
573,ENST00000428286,PRUNE2,chr9: 79226294-79521003,-35.3,11-63,11163-11215,UTR3,-4243.2,ENST00000524003.1,OTUD6B-AS1
574,ENST00000245157,BBS2,chr16: 56518298-56554195,-35.2,9-57,379-427,"UTR5, start_codon",-715.5,ENST00000524003.1,OTUD6B-AS1
575,ENST00000262241,RCOR1,chr14: 103058999-103196913,-35.2,12-62,1830-1880,UTR3,-2623.6,ENST00000524003.1,OTUD6B-AS1
576,ENST00000427796,RP5-886K2.3,chr1: 24086873-24104777,-35.2,11-62,685-736,ncRNA,-391.3,ENST00000524003.1,OTUD6B-AS1
577,ENST00000409280,C7orf31,chr7: 25174317-25219973,-35.2,13-60,29-76,UTR5,-1463.1,ENST00000524003.1,OTUD6B-AS1
578,ENST00000379561,FOXO1,chr13: 41129805-41240734,-35.2,11-58,220-267,UTR5,-2679.3,ENST00000524003.1,OTUD6B-AS1
579,ENST00000375078,CAMK2N1,chr1: 20808885-20812713,-35.1,515-574,113-172,UTR5,-1145.8,ENST00000524003.1,OTUD6B-AS1
580,ENST00000307145,KLF13,chr15: 31619059-31670102,-35.1,518-585,2444-2511,UTR3,-1498.4,ENST00000524003.1,OTUD6B-AS1
581,ENST00000275532,KCTD7,chr7: 66093869-66108038,-35.1,529-586,2108-2165,UTR3,-1598.2,ENST00000524003.1,OTUD6B-AS1
582,ENST00000382483,RP1L1,chr8: 10463860-10512612,-35.1,534-586,7795-7847,UTR3,-1242.7,ENST00000524003.1,OTUD6B-AS1
583,ENST00000254928,ERAL1,chr17: 27181957-27188085,-35.1,13-62,7-56,UTR5,-527.6,ENST00000524003.1,OTUD6B-AS1
584,ENST00000538404,LAMTOR1,chr11: 71808395-71814282,-35.1,326-387,533-594,UTR3,-732.7,ENST00000524003.1,OTUD6B-AS1
585,ENST00000427063,PTCHD3P1,chr10: 29698502-29711301,-35.0,556-603,1947-1994,ncRNA,-700.7,ENST00000524003.1,OTUD6B-AS1
586,ENST00000533213,ABLIM1,chr10: 116190873-116444414,-35.0,16-64,3185-3233,UTR3,-3176.3,ENST00000524003.1,OTUD6B-AS1
587,ENST00000400873,hsa-mir-6080,chr17: 62745782-62778117,-35.0,12-63,784-835,ncRNA,-903.0,ENST00000524003.1,OTUD6B-AS1
588,ENST00000578492,hsa-mir-6080,chr17: 62745782-62777744,-35.0,12-63,655-706,ncRNA,-896.3,ENST00000524003.1,OTUD6B-AS1
589,ENST00000579125,hsa-mir-6080,chr17: 62758806-62777825,-35.0,12-63,736-787,ncRNA,-221.7,ENST00000524003.1,OTUD6B-AS1
590,ENST00000318792,C15orf53,chr15: 38988800-38992239,-35.0,618-666,1037-1085,UTR3,-887.0,ENST00000524003.1,OTUD6B-AS1
591,ENST00000393235,CALHM2,chr10: 105208872-105212660,-35.0,9-62,1138-1191,UTR5,-381.7,ENST00000524003.1,OTUD6B-AS1
592,ENST00000243389,SLC36A1,chr5: 150827158-150871942,-34.9,528-586,4886-4944,UTR3,-2114.7,ENST00000524003.1,OTUD6B-AS1
593,ENST00000592758,AC005944.2,chr19: 3052909-3053722,-34.9,169-221,442-494,ncRNA,-194.4,ENST00000524003.1,OTUD6B-AS1
594,ENST00000261483,MAN2A1,chr5: 109025068-109202879,-34.9,14-63,535-584,UTR5,-1552.5,ENST00000524003.1,OTUD6B-AS1
595,ENST00000577684,RP1-37N7.3,chr17: 18314474-18317694,-34.9,9-65,369-425,ncRNA,-759.5,ENST00000524003.1,OTUD6B-AS1
596,ENST00000392638,LRRC27,chr10: 134145615-134195010,-34.9,519-582,4870-4933,UTR3,-4136.0,ENST00000524003.1,OTUD6B-AS1
597,ENST00000518172,MIR4454,chr5: 170194209-170215654,-34.9,527-586,534-574,ncRNA,-442.1,ENST00000524003.1,OTUD6B-AS1
598,ENST00000374586,TMEM245,chr9: 111777433-111882225,-34.8,9-56,968-1015,CDS,-3654.6,ENST00000524003.1,OTUD6B-AS1
599,ENST00000450689,KIAA1324L,chr7: 86506223-86689015,-34.8,13-65,2004-2056,CDS,-3408.5,ENST00000524003.1,OTUD6B-AS1
600,ENST00000412872,RP11-301G19.1,chr6: 68597539-68599231,-34.8,525-576,572-623,ncRNA,-928.1,ENST00000524003.1,OTUD6B-AS1
601,ENST00000228506,MLEC,chr12: 121124673-121139667,-147.6,75-169,4135-4229,UTR3,-2291.5,ENST00000535720.1,AC069234.2
602,ENST00000550845,DYNLL1,chr12: 120933917-120935476,-58.9,240-291,637-688,UTR3,-226.3,ENST00000535720.1,AC069234.2
603,ENST00000420978,TSLP,chr5: 110405761-110412491,-53.3,225-274,342-391,UTR5,-326.5,ENST00000535720.1,AC069234.2
604,ENST00000444313,PARVG,chr22: 44576771-44604349,-51.7,227-274,2457-2504,UTR3,-1202.6,ENST00000535720.1,AC069234.2
605,ENST00000244221,PAIP2B,chr2: 71409870-71454213,-51.3,239-290,609-660,UTR3,-808.0,ENST00000535720.1,AC069234.2
606,ENST00000324439,RCHY1,chr4: 76404248-76439895,-50.9,229-276,361-408,"UTR5, start_codon",-677.1,ENST00000535720.1,AC069234.2
607,ENST00000295851,ABI2,chr2: 204192943-204312446,-49.4,239-287,15337-15385,UTR3,-2276.4,ENST00000535720.1,AC069234.2
608,ENST00000373449,AK2,chr1: 33473586-33502471,-49.4,229-276,838-885,UTR3,-530.6,ENST00000535720.1,AC069234.2
609,ENST00000377413,FOXD4L4,chr9: 70426624-70429731,-48.7,220-271,466-517,UTR5,-234.1,ENST00000535720.1,AC069234.2
610,ENST00000377590,FOXD4L2,chr9: 42717235-42720342,-48.7,220-271,466-517,UTR5,-234.1,ENST00000535720.1,AC069234.2
611,ENST00000377420,FOXD4L5,chr9: 70175708-70178815,-48.7,220-271,466-517,UTR5,-237.1,ENST00000535720.1,AC069234.2
612,ENST00000319296,ZNF771,chr16: 30418619-30430728,-48.6,227-276,424-473,CDS,-211.6,ENST00000535720.1,AC069234.2
613,ENST00000297261,SHH,chr7: 155592681-155604967,-48.6,225-274,1537-1586,"CDS, stop_codon",-464.7,ENST00000535720.1,AC069234.2
614,ENST00000379287,GFOD1,chr6: 13358063-13487787,-48.5,260-313,1897-1950,UTR3,-621.7,ENST00000535720.1,AC069234.2
615,ENST00000343218,DPYSL3,chr5: 146770376-146889619,-46.9,259-309,2666-2716,UTR3,-567.1,ENST00000535720.1,AC069234.2
616,ENST00000316099,HNF4A,chr20: 43029925-43061485,-46.9,219-277,3338-3396,UTR3,-520.2,ENST00000535720.1,AC069234.2
617,ENST00000587412,AF038458.5,chr19: 36451415-36454965,-46.7,230-277,379-426,ncRNA,-122.0,ENST00000535720.1,AC069234.2
618,ENST00000358215,GMPPA,chr2: 220363624-220371710,-46.7,227-274,35-82,UTR5,-326.4,ENST00000535720.1,AC069234.2
619,ENST00000467728,NR1H3,chr11: 47279531-47290396,-46.4,227-277,231-281,UTR5,-411.3,ENST00000535720.1,AC069234.2
620,ENST00000409535,RAD54L2,chr3: 51575597-51702683,-46.3,241-290,5649-5698,UTR3,-864.1,ENST00000535720.1,AC069234.2
621,ENST00000393408,CBX1,chr17: 46147415-46178560,-46.1,242-293,1463-1514,UTR3,-358.9,ENST00000535720.1,AC069234.2
622,ENST00000367602,QSOX1,chr1: 180123970-180173165,-46.1,240-287,5055-5102,UTR3,-840.9,ENST00000535720.1,AC069234.2
623,ENST00000545940,ANHX,chr12: 133794899-133812681,-45.8,228-276,485-533,UTR5,-573.3,ENST00000535720.1,AC069234.2
624,ENST00000366697,TRIM17,chr1: 228595642-228603730,-45.8,242-297,453-508,UTR5,-379.7,ENST00000535720.1,AC069234.2
625,ENST00000222329,ERF,chr19: 42751725-42759309,-45.7,222-270,1674-1722,CDS,-252.4,ENST00000535720.1,AC069234.2
626,ENST00000267426,FITM1,chr14: 24600485-24602058,-45.6,242-297,265-320,"UTR5, start_codon",-95.6,ENST00000535720.1,AC069234.2
627,ENST00000558325,RP11-468E2.6,chr14: 24590561-24601038,-45.6,242-297,538-593,ncRNA,-85.5,ENST00000535720.1,AC069234.2
628,ENST00000593957,CTD-2521M24.6,chr19: 17525067-17533133,-45.6,243-301,1-45,ncRNA,-232.2,ENST00000535720.1,AC069234.2
629,ENST00000596286,CTC-518B2.12,chr19: 51517631-51517990,-45.6,209-276,120-187,ncRNA,-182.5,ENST00000535720.1,AC069234.2
630,ENST00000317506,RANBP10,chr16: 67757006-67840555,-45.4,241-313,4203-4275,UTR3,-723.9,ENST00000535720.1,AC069234.2
631,ENST00000591765,CCR10,chr17: 40831439-40835082,-45.3,240-290,695-745,UTR5,-245.3,ENST00000535720.1,AC069234.2
632,ENST00000374656,RING1,chr6: 33176273-33180499,-44.9,272-321,838-887,CDS,-182.9,ENST00000535720.1,AC069234.2
633,ENST00000424126,RP11-366F6.2,chrX: 151077926-151082440,-44.9,241-290,1-47,ncRNA,-199.5,ENST00000535720.1,AC069234.2
634,ENST00000572453,MIR497HG,chr17: 6919142-6922978,-44.8,223-270,328-375,ncRNA,-638.4,ENST00000535720.1,AC069234.2
635,ENST00000355394,ABI1,chr10: 27035526-27150016,-44.7,245-308,27-90,UTR5,-449.9,ENST00000535720.1,AC069234.2
636,ENST00000263754,KAT2B,chr3: 20081516-20195896,-44.6,219-272,304-357,UTR5,-431.3,ENST00000535720.1,AC069234.2
637,ENST00000608354,RP1-102K2.8,chr22: 30642195-30642987,-44.4,245-303,654-712,ncRNA,-107.5,ENST00000535720.1,AC069234.2
638,ENST00000593843,RP1-102K2.8,chr22: 30641985-30642907,-44.4,245-303,663-721,ncRNA,-103.8,ENST00000535720.1,AC069234.2
639,ENST00000515213,AC226118.1,chr7: 419326-422678,-44.1,230-277,1973-2020,ncRNA,-172.0,ENST00000535720.1,AC069234.2
640,ENST00000576752,RP5-1050D4.3,chr17: 4871291-4872117,-44.0,227-274,221-268,ncRNA,-225.0,ENST00000535720.1,AC069234.2
641,ENST00000382313,SRRM2-AS1,chr16: 2787093-2790805,-43.5,242-290,708-756,ncRNA,-608.0,ENST00000535720.1,AC069234.2
642,ENST00000574388,ASGR1,chr17: 7076979-7082675,-43.5,239-286,190-237,UTR5,-306.6,ENST00000535720.1,AC069234.2
643,ENST00000609881,GS1-279B7.2,chr1: 185286912-185287662,-43.4,209-272,4-67,ncRNA,-290.1,ENST00000535720.1,AC069234.2
644,ENST00000381627,RLN2,chr9: 5299869-5304969,-43.3,227-274,167-214,UTR5,-266.4,ENST00000535720.1,AC069234.2
645,ENST00000444319,LINC00426,chr13: 30944610-30948051,-43.2,229-276,25-72,ncRNA,-118.7,ENST00000535720.1,AC069234.2
646,ENST00000447147,LINC00426,chr13: 30914408-30948036,-43.2,229-276,10-57,ncRNA,-201.2,ENST00000535720.1,AC069234.2
647,ENST00000569432,RP11-554A11.6,chr11: 68779752-68781534,-43.2,225-277,462-514,ncRNA,-104.4,ENST00000535720.1,AC069234.2
648,ENST00000369486,IGSF3,chr1: 117117032-117210375,-43.1,227-277,5444-5494,UTR3,-493.6,ENST00000535720.1,AC069234.2
649,ENST00000285605,MARVELD1,chr10: 99473482-99477907,-43.1,230-277,3103-3150,UTR3,-180.1,ENST00000535720.1,AC069234.2
650,ENST00000559756,AC074212.5,chr19: 46268044-46272311,-43.1,244-308,994-1058,ncRNA,-226.6,ENST00000535720.1,AC069234.2
651,ENST00000590714,FIZ1,chr19: 56104727-56113336,-43.1,217-277,2811-2871,UTR5,-732.7,ENST00000535720.1,AC069234.2
652,ENST00000356956,IGF2R,chr6: 160390132-160527583,-42.9,220-267,8747-8794,UTR3,-776.6,ENST00000535720.1,AC069234.2
653,ENST00000394166,NR2F2,chr15: 96873947-96883492,-42.5,230-277,4867-4914,UTR3,-528.1,ENST00000535720.1,AC069234.2
654,ENST00000271715,POGZ,chr1: 151375201-151431941,-42.5,230-277,4554-4601,UTR3,-666.2,ENST00000535720.1,AC069234.2
655,ENST00000426126,ZDHHC17,chr12: 77157369-77247476,-42.4,250-298,3844-3892,UTR3,-659.4,ENST00000535720.1,AC069234.2
656,ENST00000553017,C12orf80,chr12: 52603534-52604639,-42.4,239-309,463-533,ncRNA,-104.6,ENST00000535720.1,AC069234.2
657,ENST00000040584,HOXC8,chr12: 54402833-54407570,-42.3,228-276,2522-2570,UTR3,-534.2,ENST00000535720.1,AC069234.2
658,ENST00000480687,GMPPB,chr3: 49754278-49761384,-42.2,227-277,1926-1976,UTR3,-507.1,ENST00000535720.1,AC069234.2
659,ENST00000535833,AMIGO3,chr3: 49754278-49761349,-42.2,227-277,1891-1941,UTR5,-499.4,ENST00000535720.1,AC069234.2
660,ENST00000311852,MMP14,chr14: 23305767-23316970,-42.2,249-306,3409-3466,UTR3,-326.7,ENST00000535720.1,AC069234.2
661,ENST00000608023,C1orf132,chr1: 207974864-208042495,-42.2,240-288,12319-12367,ncRNA,-1856.4,ENST00000535720.1,AC069234.2
662,ENST00000337190,MXD4,chr4: 2249160-2264021,-42.1,229-276,3925-3972,UTR3,-282.5,ENST00000535720.1,AC069234.2
663,ENST00000460680,BAP1,chr3: 52435030-52444366,-42.1,217-276,391-450,UTR5,-336.4,ENST00000535720.1,AC069234.2
664,ENST00000380494,COL4A3BP,chr5: 74666929-74807963,-41.8,252-299,4399-4446,UTR3,-574.7,ENST00000535720.1,AC069234.2
665,ENST00000231721,SEMA3G,chr3: 52467070-52479043,-41.7,227-274,2342-2389,"CDS, stop_codon",-434.6,ENST00000535720.1,AC069234.2
666,ENST00000368494,NUS1,chr6: 117996666-118031803,-41.6,214-276,2-64,UTR5,-708.9,ENST00000535720.1,AC069234.2
667,ENST00000374202,IL2RG,chrX: 70327255-70331481,-41.6,241-291,1-47,UTR5,-186.5,ENST00000535720.1,AC069234.2
668,ENST00000269919,PGPEP1,chr19: 18451398-18480760,-41.5,227-275,4465-4513,UTR3,-1056.9,ENST00000535720.1,AC069234.2
669,ENST00000552856,RP11-114H23.1,chr12: 75956983-76377795,-41.1,226-277,241-292,ncRNA,-217.0,ENST00000535720.1,AC069234.2
670,ENST00000314028,CSNK1D,chr17: 80200544-80231607,-40.9,229-276,214-261,UTR5,-483.0,ENST00000535720.1,AC069234.2
671,ENST00000530595,AP000662.4,chr11: 57405850-57420263,-40.8,219-277,189-247,ncRNA,-282.2,ENST00000535720.1,AC069234.2
672,ENST00000368172,KIRREL,chr1: 158056471-158070052,-40.8,244-291,2599-2646,UTR3,-799.1,ENST00000535720.1,AC069234.2
673,ENST00000564831,APOBR,chr16: 28505971-28510291,-40.7,246-315,2686-2755,CDS,-712.9,ENST00000535720.1,AC069234.2
674,ENST00000284240,THY1,chr11: 119288091-119294838,-40.5,228-276,1836-1884,UTR3,-434.3,ENST00000535720.1,AC069234.2
675,ENST00000296585,ITGA2,chr5: 52285157-52390609,-40.5,242-295,3828-3881,UTR3,-685.5,ENST00000535720.1,AC069234.2
676,ENST00000342310,LMX1A,chr1: 165171105-165325952,-40.5,221-276,2685-2740,UTR3,-450.7,ENST00000535720.1,AC069234.2
677,ENST00000327928,OTOL1,chr3: 161214597-161221730,-40.3,242-290,749-797,CDS,-378.1,ENST00000535720.1,AC069234.2
678,ENST00000368908,LYSMD1,chr1: 151132225-151138395,-40.3,227-274,395-442,UTR5,-345.7,ENST00000535720.1,AC069234.2
679,ENST00000361085,ZNF37A,chr10: 38383276-38414472,-40.3,242-292,7510-7560,UTR3,-830.5,ENST00000535720.1,AC069234.2
680,ENST00000290219,IFNGR2,chr21: 34775203-34809828,-40.3,240-287,191-238,UTR5,-314.3,ENST00000535720.1,AC069234.2
681,ENST00000246662,KRT9,chr17: 39722097-39728310,-40.2,248-309,1672-1733,CDS,-278.1,ENST00000535720.1,AC069234.2
682,ENST00000379261,CELF2,chr10: 11047260-11378666,-40.2,242-297,8267-8322,UTR3,-1337.9,ENST00000535720.1,AC069234.2
683,ENST00000419318,ZNF799,chr19: 12500831-12511794,-40.2,227-277,335-385,UTR5,-322.8,ENST00000535720.1,AC069234.2
684,ENST00000402918,ELFN2,chr22: 37764001-37823505,-40.2,249-306,6465-6522,UTR3,-877.6,ENST00000535720.1,AC069234.2
685,ENST00000403799,GCK,chr7: 44183875-44229022,-40.2,246-296,724-774,CDS,-187.9,ENST00000535720.1,AC069234.2
686,ENST00000216133,CBX7,chr22: 39526778-39548655,-40.1,226-277,1414-1465,UTR3,-478.4,ENST00000535720.1,AC069234.2
687,ENST00000264357,GRIA3,chrX: 122318097-122624756,-40.1,227-277,129-179,UTR5,-550.6,ENST00000535720.1,AC069234.2
688,ENST00000349792,PIP5K1A,chr1: 151171028-151222012,-40.1,224-277,3591-3644,UTR3,-467.4,ENST00000535720.1,AC069234.2
689,ENST00000598163,GNAS-AS1,chr20: 57399083-57425933,-40.1,223-276,12-65,ncRNA,-202.0,ENST00000535720.1,AC069234.2
690,ENST00000336783,ATXN2L,chr16: 28834415-28848558,-40.1,230-277,3371-3418,"CDS, stop_codon",-226.8,ENST00000535720.1,AC069234.2
691,ENST00000293829,FGF11,chr17: 7342347-7348256,-40.0,223-272,409-458,UTR5,-286.8,ENST00000535720.1,AC069234.2
692,ENST00000606930,CTC-251D13.1,chr5: 150889015-150892330,-39.8,227-276,1651-1700,ncRNA,-789.0,ENST00000535720.1,AC069234.2
693,ENST00000416121,AGBL4,chr1: 49049543-49511386,-39.7,245-308,3404-3467,UTR3,-612.7,ENST00000535720.1,AC069234.2
694,ENST00000372680,TCEAL5,chrX: 102528620-102531800,-39.7,222-276,834-888,CDS,-180.1,ENST00000535720.1,AC069234.2
695,ENST00000420770,PAX7,chr1: 18958016-19075360,-39.7,223-272,5333-5382,UTR3,-406.8,ENST00000535720.1,AC069234.2
696,ENST00000399231,MYO5A,chr15: 52599481-52821247,-39.7,240-287,10554-10601,UTR3,-1175.1,ENST00000535720.1,AC069234.2
697,ENST00000529308,USP35,chr11: 77899954-77925757,-39.7,265-315,2337-2387,CDS,-299.5,ENST00000535720.1,AC069234.2
698,ENST00000357338,DLK2,chr6: 43418093-43424370,-39.6,219-277,469-527,UTR5,-207.5,ENST00000535720.1,AC069234.2
699,ENST00000546793,RP11-983P16.4,chr12: 53436974-53448222,-39.6,242-309,633-700,ncRNA,-609.6,ENST00000535720.1,AC069234.2
700,ENST00000555406,CTD-3098H1.2,chr19: 48366741-48367756,-39.6,227-274,533-580,ncRNA,-97.8,ENST00000535720.1,AC069234.2
701,ENST00000275532,KCTD7,chr7: 66093869-66108038,-39.6,249-307,4615-4673,UTR3,-389.2,ENST00000535720.1,AC069234.2
702,ENST00000426837,MAP4,chr3: 47892585-48130331,-39.6,226-274,7907-7955,UTR3,-834.1,ENST00000535720.1,AC069234.2
703,ENST00000576738,RP11-353N14.5,chr17: 77889052-77900524,-39.6,242-298,543-599,ncRNA,-564.7,ENST00000535720.1,AC069234.2
704,ENST00000378641,PLCB1,chr20: 8112825-8865547,-39.6,221-277,1-42,UTR5,-684.9,ENST00000535720.1,AC069234.2
705,ENST00000549354,LINC00661,chr19: 16126445-16138270,-39.6,227-277,112-162,ncRNA,-283.5,ENST00000535720.1,AC069234.2
706,ENST00000549718,LINC00661,chr19: 16126445-16133398,-39.6,227-277,112-162,ncRNA,-137.1,ENST00000535720.1,AC069234.2
707,ENST00000368599,FAM26E,chr6: 116832810-116845955,-39.5,242-294,5703-5755,UTR3,-1252.7,ENST00000535720.1,AC069234.2
708,ENST00000609686,GRIN2B,chr12: 13693166-14133053,-39.4,250-306,22355-22411,UTR3,-3419.6,ENST00000535720.1,AC069234.2
709,ENST00000352511,ACVR2B,chr3: 38495343-38534633,-39.3,239-286,8370-8417,UTR3,-1225.1,ENST00000535720.1,AC069234.2
710,ENST00000561394,RP11-184D12.1,chr15: 36262560-36544458,-39.3,243-290,95-142,ncRNA,-79.9,ENST00000535720.1,AC069234.2
711,ENST00000603624,PPP1R26-AS1,chr9: 138354574-138364095,-39.3,229-276,2723-2770,ncRNA,-407.6,ENST00000535720.1,AC069234.2
712,ENST00000270459,ZNF787,chr19: 56598733-56632649,-39.2,214-276,1235-1297,"CDS, stop_codon",-94.7,ENST00000535720.1,AC069234.2
713,ENST00000522362,PNMA2,chr8: 26362203-26371608,-39.2,225-274,101-150,UTR5,-417.0,ENST00000535720.1,AC069234.2
714,ENST00000592416,MEX3C,chr18: 48719281-48723129,-39.2,227-274,1863-1910,UTR3,-561.6,ENST00000535720.1,AC069234.2
715,ENST00000440205,LINC00158,chr21: 26768507-26797021,-39.1,247-298,485-536,ncRNA,-198.0,ENST00000535720.1,AC069234.2
716,ENST00000359570,INPP5D,chr2: 233925190-234116548,-39.1,229-277,2258-2306,CDS,-279.4,ENST00000535720.1,AC069234.2
717,ENST00000376592,MTHFR,chr1: 11845781-11863302,-39.1,245-299,4342-4396,UTR3,-595.4,ENST00000535720.1,AC069234.2
718,ENST00000534624,HSPA8,chr11: 122928198-122933043,-39.1,214-272,1-59,UTR5,-245.1,ENST00000535720.1,AC069234.2
719,ENST00000431827,AC053503.6,chr2: 220289794-220290906,-39.1,229-276,63-110,ncRNA,-114.1,ENST00000535720.1,AC069234.2
720,ENST00000409652,APOL6,chr22: 36044443-36064456,-39.0,227-274,1158-1205,CDS,-1377.1,ENST00000535720.1,AC069234.2
721,ENST00000333598,C19orf59,chr19: 7741515-7744712,-39.0,227-275,1-39,UTR5,-199.3,ENST00000535720.1,AC069234.2
722,ENST00000377034,GABBR1,chr6: 29570016-29600962,-39.0,243-290,3209-3256,"CDS, stop_codon",-385.1,ENST00000535720.1,AC069234.2
723,ENST00000309295,EHBP1L1,chr11: 65343510-65360121,-39.0,240-289,1776-1825,CDS,-478.8,ENST00000535720.1,AC069234.2
724,ENST00000392079,NFKBIB,chr19: 39390616-39399531,-38.9,225-275,1421-1471,UTR3,-388.8,ENST00000535720.1,AC069234.2
725,ENST00000327619,EYA2,chr20: 45523264-45817492,-38.8,222-275,2262-2315,UTR3,-278.2,ENST00000535720.1,AC069234.2
726,ENST00000497424,PANK2,chr20: 3869487-3907605,-38.8,227-277,4324-4374,UTR3,-727.8,ENST00000535720.1,AC069234.2
727,ENST00000564401,RP11-48G14.2,chr15: 56686520-56688983,-38.8,239-288,1628-1677,ncRNA,-407.4,ENST00000535720.1,AC069234.2
728,ENST00000421622,SVOPL,chr7: 138279031-138386097,-38.8,243-298,1540-1595,UTR3,-212.1,ENST00000535720.1,AC069234.2
729,ENST00000424761,RP4-633O19__A.1,chr22: 36784672-36792562,-38.7,249-296,253-300,ncRNA,-84.6,ENST00000535720.1,AC069234.2
730,ENST00000320159,ZNF48,chr16: 30406741-30411429,-38.7,242-297,2288-2343,UTR3,-224.9,ENST00000535720.1,AC069234.2
731,ENST00000314412,FUT7,chr9: 139924627-139927462,-38.7,226-276,2158-2208,UTR3,-303.4,ENST00000535720.1,AC069234.2
732,ENST00000376851,KLK6,chr19: 51461888-51472228,-38.6,217-274,77-134,UTR5,-194.1,ENST00000535720.1,AC069234.2
733,ENST00000547799,RP1-197B17.3,chr12: 48099869-48136077,-38.6,230-277,1050-1097,ncRNA,-266.1,ENST00000535720.1,AC069234.2
734,ENST00000445060,ANKRD66,chr6: 46721484-46726161,-38.6,243-295,1430-1482,UTR3,-397.8,ENST00000535720.1,AC069234.2
735,ENST00000445551,FOXD2-AS1,chr1: 47897806-47900313,-38.6,243-290,1604-1651,ncRNA,-250.1,ENST00000535720.1,AC069234.2
736,ENST00000325874,RAB11FIP4,chr17: 29718643-29865236,-38.5,230-277,3550-3597,UTR3,-833.7,ENST00000535720.1,AC069234.2
737,ENST00000331272,FBXW4,chr10: 103370424-103455016,-38.5,242-291,226-275,UTR5,-422.7,ENST00000535720.1,AC069234.2
738,ENST00000399246,AC003102.1,chr17: 42325759-42327236,-38.4,255-307,376-428,UTR5,-211.3,ENST00000535720.1,AC069234.2
739,ENST00000339582,GRM8,chr7: 126078653-126893348,-38.4,239-287,968-1016,CDS,-333.7,ENST00000535720.1,AC069234.2
740,ENST00000587767,AC002398.12,chr19: 36245468-36246391,-38.4,241-290,449-498,ncRNA,-277.1,ENST00000535720.1,AC069234.2
741,ENST00000261167,WBP11,chr12: 14939411-14956474,-38.3,239-289,24-74,UTR5,-370.4,ENST00000535720.1,AC069234.2
742,ENST00000565700,RP11-517C16.2,chr16: 84492866-84500967,-38.3,242-290,2503-2551,ncRNA,-180.0,ENST00000535720.1,AC069234.2
743,ENST00000323798,GYS1,chr19: 49471383-49496566,-38.2,240-287,3489-3536,UTR3,-280.7,ENST00000535720.1,AC069234.2
744,ENST00000256649,TRIM45,chr1: 117653683-117664350,-38.2,239-296,167-224,UTR5,-337.9,ENST00000535720.1,AC069234.2
745,ENST00000524240,GFRA2,chr8: 21547916-21646322,-38.2,249-303,4459-4513,UTR3,-451.5,ENST00000535720.1,AC069234.2
746,ENST00000340363,C17orf99,chr17: 76142435-76162258,-38.2,261-310,789-838,CDS,-142.3,ENST00000535720.1,AC069234.2
747,ENST00000373508,RP4-640H8.2,chr20: 36305313-36311636,-38.2,241-297,1542-1598,ncRNA,-282.1,ENST00000535720.1,AC069234.2
748,ENST00000607215,RP11-61I13.3,chr6: 39851293-39854344,-38.2,242-290,912-960,ncRNA,-382.9,ENST00000535720.1,AC069234.2
749,ENST00000599531,PNMAL2,chr19: 46994449-46999755,-38.1,249-298,3529-3578,UTR3,-463.1,ENST00000535720.1,AC069234.2
750,ENST00000404072,PICK1,chr22: 38453208-38471708,-38.1,222-271,1604-1653,UTR3,-131.8,ENST00000535720.1,AC069234.2
751,ENST00000501818,CTB-127C13.1,chr5: 159623599-159631833,-38.0,215-276,608-669,ncRNA,-363.5,ENST00000535720.1,AC069234.2
752,ENST00000577171,AC140912.1,chr16: 73265955-73267007,-38.0,224-277,890-943,ncRNA,-249.0,ENST00000535720.1,AC069234.2
753,ENST00000315869,TFE3,chrX: 48886243-48901012,-38.0,241-293,2928-2980,UTR3,-261.6,ENST00000535720.1,AC069234.2
754,ENST00000055682,KIAA2022,chrX: 73952685-74145282,-38.0,242-289,8961-9008,UTR3,-1266.5,ENST00000535720.1,AC069234.2
755,ENST00000222644,MPP6,chr7: 24612966-24733812,-38.0,222-277,30-85,UTR5,-904.2,ENST00000535720.1,AC069234.2
756,ENST00000318579,MEOX1,chr17: 41717757-41739322,-38.0,239-297,2114-2172,UTR3,-262.7,ENST00000535720.1,AC069234.2
757,ENST00000580942,RP11-214C8.2,chr17: 62073432-62077259,-37.9,245-294,1043-1092,ncRNA,-217.5,ENST00000535720.1,AC069234.2
758,ENST00000355527,DHCR7,chr11: 71145461-71159481,-37.8,242-290,103-151,UTR5,-298.5,ENST00000535720.1,AC069234.2
759,ENST00000393792,UBTD2,chr5: 171636645-171711075,-37.8,225-274,240-289,UTR5,-686.0,ENST00000535720.1,AC069234.2
760,ENST00000501122,NEAT1,chr11: 65190270-65213011,-37.8,240-297,655-712,ncRNA,-2936.2,ENST00000535720.1,AC069234.2
761,ENST00000601801,NEAT1,chr11: 65190287-65191742,-37.8,240-297,638-695,ncRNA,-304.1,ENST00000535720.1,AC069234.2
762,ENST00000291536,RSPH1,chr21: 43892597-43916464,-37.8,242-300,196-254,CDS,-173.6,ENST00000535720.1,AC069234.2
763,ENST00000409085,AAK1,chr2: 69694920-69870849,-37.8,242-293,4144-4195,UTR3,-1192.4,ENST00000535720.1,AC069234.2
764,ENST00000344290,MAPT,chr17: 43971749-44105700,-37.8,272-323,3199-3250,UTR3,-550.7,ENST00000535720.1,AC069234.2
765,ENST00000567801,RP11-1096D5.1,chr18: 59415410-59421928,-37.8,248-301,1423-1476,ncRNA,-515.2,ENST00000535720.1,AC069234.2
766,ENST00000267938,UBE2Q2,chr15: 76135627-76193419,-37.7,229-276,42-89,UTR5,-325.4,ENST00000535720.1,AC069234.2
767,ENST00000341318,CAT5,chr11: 65479506-65487073,-37.7,245-308,208-271,"UTR5, start_codon",-218.6,ENST00000535720.1,AC069234.2
768,ENST00000268624,ADAD2,chr16: 84224745-84230772,-37.6,240-289,2166-2215,UTR3,-169.5,ENST00000535720.1,AC069234.2
769,ENST00000446406,H19,chr11: 2016447-2019057,-37.6,241-290,1-38,ncRNA,-401.9,ENST00000535720.1,AC069234.2
770,ENST00000301459,RCOR2,chr11: 63678694-63684316,-37.5,273-321,2362-2410,UTR3,-267.1,ENST00000535720.1,AC069234.2
771,ENST00000244625,TBCC,chr6: 42712240-42714558,-37.5,219-275,96-152,UTR5,-179.5,ENST00000535720.1,AC069234.2
772,ENST00000340790,PALM3,chr19: 14164178-14169971,-37.5,243-296,802-855,CDS,-632.6,ENST00000535720.1,AC069234.2
773,ENST00000243056,HOXC13,chr12: 54332536-54340328,-37.5,247-308,1-42,UTR5,-105.1,ENST00000535720.1,AC069234.2
774,ENST00000330436,CYP2A13,chr19: 41594378-41602100,-37.5,240-293,1574-1627,UTR3,-182.7,ENST00000535720.1,AC069234.2
775,ENST00000338779,MTSS1L,chr16: 70695108-70719969,-37.4,242-289,4350-4397,UTR3,-313.6,ENST00000535720.1,AC069234.2
776,ENST00000378561,FAM214B,chr9: 35104121-35111571,-37.4,275-325,381-431,UTR5,-568.9,ENST00000535720.1,AC069234.2
777,ENST00000569685,CTA-331P3.1,chr6: 110799111-110800639,-37.4,242-297,834-889,ncRNA,-227.1,ENST00000535720.1,AC069234.2
778,ENST00000341809,KRT77,chr12: 53083411-53097247,-37.4,242-297,274-329,CDS,-298.1,ENST00000535720.1,AC069234.2
779,ENST00000259746,TMEM63B,chr6: 44094652-44123256,-37.3,240-297,3130-3187,UTR3,-347.4,ENST00000535720.1,AC069234.2
780,ENST00000243349,ACVR1C,chr2: 158383280-158485517,-37.3,240-291,959-1010,CDS,-1047.8,ENST00000535720.1,AC069234.2
781,ENST00000395290,CELF1,chr11: 47487497-47510576,-37.3,250-308,6457-6515,UTR3,-771.4,ENST00000535720.1,AC069234.2
782,ENST00000290583,CELF3,chr1: 151674882-151689290,-37.2,219-273,3014-3068,UTR3,-340.3,ENST00000535720.1,AC069234.2
783,ENST00000359546,CPLX2,chr5: 175223314-175311023,-37.2,243-293,2134-2184,UTR3,-483.2,ENST00000535720.1,AC069234.2
784,ENST00000413679,SEC14L1,chr17: 75137023-75213179,-37.2,218-272,3519-3573,UTR3,-400.4,ENST00000535720.1,AC069234.2
785,ENST00000263640,ACVR1,chr2: 158592959-158731623,-37.2,240-292,1066-1118,CDS,-427.3,ENST00000535720.1,AC069234.2
786,ENST00000269554,PIP4K2B,chr17: 36921943-36956158,-37.2,240-297,1364-1421,CDS,-624.2,ENST00000535720.1,AC069234.2
787,ENST00000504986,TMEM33,chr4: 41937138-41962589,-37.1,242-308,2120-2186,UTR3,-918.8,ENST00000535720.1,AC069234.2
788,ENST00000546821,RP11-70F11.8,chr12: 50305737-50320122,-37.1,226-277,388-439,ncRNA,-422.8,ENST00000535720.1,AC069234.2
789,ENST00000413150,MAP4K4,chr2: 102314489-102511149,-37.1,249-298,4112-4161,UTR3,-853.8,ENST00000535720.1,AC069234.2
790,ENST00000382114,LGI2,chr4: 25000470-25032501,-37.1,240-290,4155-4205,UTR3,-676.5,ENST00000535720.1,AC069234.2
791,ENST00000602967,NUTM2E,chr10: 81601115-81610632,-37.1,243-292,3490-3539,UTR3,-250.4,ENST00000535720.1,AC069234.2
792,ENST00000528514,FAM85A,chr8: 12051977-12053789,-37.0,216-274,363-421,ncRNA,-337.4,ENST00000535720.1,AC069234.2
793,ENST00000452801,AC104667.3,chr2: 238499813-238504624,-37.0,227-274,889-936,UTR3,-183.2,ENST00000535720.1,AC069234.2
794,ENST00000422931,RP11-173B14.4,chr13: 76205408-76206271,-37.0,243-290,263-310,ncRNA,-111.2,ENST00000535720.1,AC069234.2
795,ENST00000199389,EIF2AK1,chr7: 6061882-6098861,-37.0,222-274,2003-2055,"CDS, stop_codon",-511.1,ENST00000535720.1,AC069234.2
796,ENST00000379096,TPD52,chr8: 80947104-81083793,-37.0,218-272,2628-2682,UTR3,-490.2,ENST00000535720.1,AC069234.2
797,ENST00000360121,SPN,chr16: 29674581-29681811,-36.9,242-294,2412-2464,UTR3,-816.3,ENST00000535720.1,AC069234.2
798,ENST00000539449,RTN4IP1,chr6: 107018904-107077373,-36.9,230-277,202-249,UTR5,-283.7,ENST00000535720.1,AC069234.2
799,ENST00000228936,ART4,chr12: 14978504-14996429,-36.9,228-277,3996-4045,UTR3,-578.6,ENST00000535720.1,AC069234.2
800,ENST00000564508,AC004158.3,chr16: 72459848-72463072,-36.9,242-291,2736-2785,ncRNA,-409.0,ENST00000535720.1,AC069234.2
